hat+buff,18 ACC m F16,Deep Gray,12/24 m, $13.5 , $16.0 ,4,Winter,Girl,Peluche&tartine,,,Winter knit hat + fleece buff
hat+buff,18 ACC m F16,Deep Gray,2/3, $13.5 , $16.0 ,8,Winter,Girl,Peluche&tartine,,,Winter knit hat + fleece buff
hat+buff,18 ACC m F16,Berry,12/24 m, $13.5 , $16.0 ,10,Winter,Girl,Peluche&tartine,,,Winter knit hat + fleece buff
hat+buff,18 ACC m F16,Berry,2/3, $13.5 , $16.0 ,12,Winter,Girl,Peluche&tartine,,,Winter knit hat + fleece buff
hat+buff,32 BF ACC F16,mauve Rose,12/24 m, $13.5 , $16.0 ,5,Winter,Girl,Peluche&tartine,,,Winter knit hat + fleece buff
hat+buff,32 BF ACC F16,mauve Rose,2/3, $13.5 , $16.0 ,4,Winter,Girl,Peluche&tartine,,,Winter knit hat + fleece buff
hat+buff,32 BF ACC F16,Aquablue,6/12 m, $13.5 , $16.0 ,1,Winter,Girl,Peluche&tartine,,,Winter knit hat + fleece buff
hat+buff,32 BF ACC F16,Aquablue,12/24 m, $13.5 , $16.0 ,11,Winter,Girl,Peluche&tartine,,,Winter knit hat + fleece buff
hat+buff,32 BF ACC F16,Aquablue,2/3, $13.5 , $16.0 ,6,Winter,Girl,Peluche&tartine,,,Winter knit hat + fleece buff
hat+buff,40 BF ACC F16,Hot Pink,6/12 m, $13.5 , $16.0 ,2,Winter,Girl,Peluche&tartine,,,Winter knit hat + fleece buff
hat+buff,40 BF ACC F16,Hot Pink,12/24 m, $13.5 , $16.0 ,5,Winter,Girl,Peluche&tartine,,,Winter knit hat + fleece buff
hat+buff,40 BF ACC F16,Hot Pink,2/3, $13.5 , $16.0 ,7,Winter,Girl,Peluche&tartine,,,Winter knit hat + fleece buff
hat+buff,40 BF ACC F16,Rose Gum,6/12 m, $13.5 , $16.0 ,2,Winter,Girl,Peluche&tartine,,,Winter knit hat + fleece buff
hat+buff,40 BF ACC F16,Rose Gum,12/24 m, $13.5 , $16.0 ,7,Winter,Girl,Peluche&tartine,,,Winter knit hat + fleece buff
hat+buff,40 BF ACC F16,Rose Gum,2/3, $13.5 , $16.0 ,4,Winter,Girl,Peluche&tartine,,,Winter knit hat + fleece buff
hat+buff,50 EF ACC F16,Lollipop,3 / 5, $14.5 , $17.6 ,17,Winter,Girl,Peluche&tartine,,,Winter knit hat + fleece buff
hat+buff,50 EF ACC F16,Lollipop,6 / 8, $14.5 , $17.6 ,11,Winter,Girl,Peluche&tartine,,,Winter knit hat + fleece buff
hat+buff,52 EF ACC F16,Hot Pink,3 / 5, $14.5 , $17.6 ,5,Winter,Girl,Peluche&tartine,,,Winter knit hat + fleece buff
hat+buff,52 EF ACC F16,Hot Pink,6 / 8, $14.5 , $17.6 ,10,Winter,Girl,Peluche&tartine,,,Winter knit hat + fleece buff
hat+buff,54 EF ACC F16,Lipstick,3 / 5, $14.5 , $17.6 ,3,Winter,Girl,Peluche&tartine,,,Winter knit hat + fleece buff
hat+buff,54 EF ACC F16,Lipstick,6 / 8, $14.5 , $17.6 ,4,Winter,Girl,Peluche&tartine,,,Winter knit hat + fleece buff
hat+buff,54 EF ACC F16,Paradisio,3 / 5, $14.5 , $17.6 ,10,Winter,Girl,Peluche&tartine,,,Winter knit hat + fleece buff
hat+buff,54 EF ACC F16,Paradisio,6 / 8, $14.5 , $17.6 ,15,Winter,Girl,Peluche&tartine,,,Winter knit hat + fleece buff
hat+buff,58 EF ACC F16,Navy,3 / 5, $14.5 , $17.6 ,6,Winter,Girl,Peluche&tartine,,,Winter knit hat + fleece buff
hat+buff,58 EF ACC F16,Navy,6 / 8, $14.5 , $17.6 ,6,Winter,Girl,Peluche&tartine,,,Winter knit hat + fleece buff
hat+buff,58 EF ACC F16,Black,3 / 5, $14.5 , $17.6 ,7,Winter,Girl,Peluche&tartine,,,Winter knit hat + fleece buff
hat+buff,58 EF ACC F16,Black,6 / 8, $14.5 , $17.6 ,8,Winter,Girl,Peluche&tartine,,,Winter knit hat + fleece buff
hat+buff,66 EF ACC F16,Deep Gray,3/5, $14.5 , $17.6 ,8,Winter,Girl,Peluche&tartine,,,Winter knit hat + fleece buff
hat+buff,66 EF ACC F16,Deep Gray,6/8, $14.5 , $17.6 ,8,Winter,Girl,Peluche&tartine,,,Winter knit hat + fleece buff
hat+buff,66 EF ACC F16,Navy,3/5, $14.5 , $17.6 ,7,Winter,Girl,Peluche&tartine,,,Winter knit hat + fleece buff
hat+buff,66 EF ACC F16,Navy,6/8, $14.5 , $17.6 ,9,Winter,Girl,Peluche&tartine,,,Winter knit hat + fleece buff
hat+buff,03 BG ACC F16,Vibrant Green,6/12 m, $13.5 , $16.0 ,1,Winter,Girl,Peluche&tartine,,,Winter knit hat + fleece buff
hat+buff,03 BG ACC F16,Vibrant Green,12/24 m, $13.5 , $16.0 ,7,Winter,Girl,Peluche&tartine,,,Winter knit hat + fleece buff
hat+buff,03 BG ACC F16,Vibrant Green,2/3, $13.5 , $16.0 ,6,Winter,Girl,Peluche&tartine,,,Winter knit hat + fleece buff
hat+buff,03 BG ACC F16,Burn Orange,12/24 m, $13.5 , $16.0 ,3,Winter,Unisex,Peluche&tartine,,,Winter knit hat + fleece buff
hat+buff,03 BG ACC F16,Burn Orange,2/3, $13.5 , $16.0 ,8,Winter,Unisex,Peluche&tartine,,,Winter knit hat + fleece buff
hat+buff,11 BG ACC F16,Federal Blue,0/6 m, $13.5 , $16.0 ,2,Winter,Unisex,Peluche&tartine,,,Winter knit hat + fleece buff
hat+buff,11 BG ACC F16,Federal Blue,12/24 m, $13.5 , $16.0 ,7,Winter,Unisex,Peluche&tartine,,,Winter knit hat + fleece buff
hat+buff,11 BG ACC F16,Federal Blue,2/3, $13.5 , $16.0 ,7,Winter,Unisex,Peluche&tartine,,,Winter knit hat + fleece buff
hat+buff,11 BG ACC F16,Smoke,12/24 m, $13.5 , $16.0 ,11,Winter,Unisex,Peluche&tartine,,,Winter knit hat + fleece buff
hat+buff,11 BG ACC F16,Smoke,2/3, $13.5 , $16.0 ,8,Winter,Unisex,Peluche&tartine,,,Winter knit hat + fleece buff
hat+buff,23 BG ACC F16,Chili,0/6 m, $13.5 , $16.0 ,1,Winter,Unisex,Peluche&tartine,,,Winter knit hat + fleece buff
hat+buff,23 BG ACC F16,Chili,6/12 m, $13.5 , $16.0 ,1,Winter,Unisex,Peluche&tartine,,,Winter knit hat + fleece buff
hat+buff,23 BG ACC F16,Chili,12/24 m, $13.5 , $16.0 ,8,Winter,Unisex,Peluche&tartine,,,Winter knit hat + fleece buff
hat+buff,23 BG ACC F16,Chili,2/3, $13.5 , $16.0 ,5,Winter,Unisex,Peluche&tartine,,,Winter knit hat + fleece buff
hat+buff,23 BG ACC F16,Uktralime,6/12 m, $13.5 , $16.0 ,2,Winter,Unisex,Peluche&tartine,,,Winter knit hat + fleece buff
hat+buff,23 BG ACC F16,Uktralime,12/24 m, $13.5 , $16.0 ,6,Winter,Unisex,Peluche&tartine,,,Winter knit hat + fleece buff
hat+buff,23 BG ACC F16,Uktralime,2/3, $13.5 , $16.0 ,7,Winter,Unisex,Peluche&tartine,,,Winter knit hat + fleece buff
hat+buff,63 EG ACC F16,Kimono,3 / 5, $14.5 , $17.6 ,11,Winter,Unisex,Peluche&tartine,,,Winter knit hat + fleece buff
hat+buff,63 EG ACC F16,Kimono,6 / 8, $14.5 , $17.6 ,6,Winter,Unisex,Peluche&tartine,,,Winter knit hat + fleece buff
hat+buff,63 EG ACC F16,Dk Denim,3 / 5, $14.5 , $17.6 ,5,Winter,Unisex,Peluche&tartine,,,Winter knit hat + fleece buff
hat+buff,63 EG ACC F16,Dk Denim,6 / 8, $14.5 , $17.6 ,11,Winter,Unisex,Peluche&tartine,,,Winter knit hat + fleece buff
hat+buff,67 EG ACC F16,Olivine,3 / 5, $14.5 , $17.6 ,6,Winter,Boy,Peluche&tartine,,,Winter knit hat + fleece buff
hat+buff,67 EG ACC F16,Olivine,6 / 8, $14.5 , $17.6 ,4,Winter,Boy,Peluche&tartine,,,Winter knit hat + fleece buff
hat+buff,67 EG ACC F16,Frost Gray,3 / 5, $14.5 , $17.6 ,1,Winter,Boy,Peluche&tartine,,,Winter knit hat + fleece buff
hat+buff,67 EG ACC F16,Frost Gray,6 / 8, $14.5 , $17.6 ,4,Winter,Boy,Peluche&tartine,,,Winter knit hat + fleece buff
hat+buff,75 EG ACC F16,Navy,3 / 5, $14.5 , $17.6 ,9,Winter,Boy,Peluche&tartine,,,Winter knit hat + fleece buff
hat+buff,75 EG ACC F16,Navy,6 / 8, $14.5 , $17.6 ,13,Winter,Boy,Peluche&tartine,,,Winter knit hat + fleece buff
hat+buff,75 EG ACC F16,Black,3 / 5, $14.5 , $17.6 ,20,Winter,Boy,Peluche&tartine,,,Winter knit hat + fleece buff
hat+buff,75 EG ACC F16,Black,6 / 8, $14.5 , $17.6 ,10,Winter,Boy,Peluche&tartine,,,Winter knit hat + fleece buff
hat+buff,79 EG ACC F16,Spicy,3 / 5, $14.5 , $17.6 ,4,Winter,Boy,Peluche&tartine,,,Winter knit hat + fleece buff
hat+buff,79 EG ACC F16,Spicy,6 / 8, $14.5 , $17.6 ,5,Winter,Boy,Peluche&tartine,,,Winter knit hat + fleece buff
hat+buff,79 EG ACC F16,Imperial Blue,3 / 5, $14.5 , $17.6 ,12,Winter,Boy,Peluche&tartine,,,Winter knit hat + fleece buff
hat+buff,79 EG ACC F16,Imperial Blue,6 / 8, $14.5 , $17.6 ,6,Winter,Boy,Peluche&tartine,,,Winter knit hat + fleece buff
mittens,58 EF mIT F16,Black,3/4, $10.5 , $12.4 ,4,Winter,Unisex,Peluche&tartine,,,Waterproof mittens
mittens,58 EF mIT F16,Black,5/6, $10.5 , $12.4 ,7,Winter,Unisex,Peluche&tartine,,,Waterproof mittens
mittens,58 EF mIT F16,Black,7/8, $10.5 , $12.4 ,14,Winter,Unisex,Peluche&tartine,,,Waterproof mittens
mittens,00 EF mIT F16,Deep Gray,3/4, $10.5 , $12.4 ,5,Winter,Unisex,Peluche&tartine,,,Waterproof mittens
mittens,00 EF mIT F16,Deep Gray,5/6, $10.5 , $12.4 ,19,Winter,Unisex,Peluche&tartine,,,Waterproof mittens
mittens,00 EF mIT F16,Deep Gray,7/8, $10.5 , $12.4 ,15,Winter,Unisex,Peluche&tartine,,,Waterproof mittens
mittens,50 EF mIT F16,Navy,3/4, $10.5 , $12.4 ,16,Winter,Unisex,Peluche&tartine,,,Waterproof mittens
mittens,50 EF mIT F16,Navy,5/6, $10.5 , $12.4 ,9,Winter,Unisex,Peluche&tartine,,,Waterproof mittens
mittens,50 EF mIT F16,Navy,7/8, $10.5 , $12.4 ,12,Winter,Unisex,Peluche&tartine,,,Waterproof mittens
mittens,52 EF mIT F16,Hot Pink,3/4, $10.5 , $12.4 ,7,Winter,Unisex,Peluche&tartine,,,Waterproof mittens
mittens,52 EF mIT F16,Hot Pink,5/6, $10.5 , $12.4 ,10,Winter,Unisex,Peluche&tartine,,,Waterproof mittens
mittens,52 EF mIT F16,Hot Pink,7/8, $10.5 , $12.4 ,14,Winter,Unisex,Peluche&tartine,,,Waterproof mittens
mittens,54 EF mIT F16,Blackberry,3/4, $10.5 , $12.4 ,9,Winter,Unisex,Peluche&tartine,,,Waterproof mittens
mittens,54 EF mIT F16,Blackberry,5/6, $10.5 , $12.4 ,14,Winter,Unisex,Peluche&tartine,,,Waterproof mittens
mittens,54 EF mIT F16,Blackberry,7/8, $10.5 , $12.4 ,14,Winter,Unisex,Peluche&tartine,,,Waterproof mittens
hat,200 BTUT S17,Classical,2/4X, $6.0 , $7.5 ,20,Demi-season,Boy,NANO, COTTON,,Knit hat 100% COTTON
hat,200 BTUT S17,Classical,5/6X, $6.0 , $7.5 ,20,Demi-season,Boy,NANO, COTTON,,Knit hat 100% COTTON
hat,200 BTUT S17,Classical,7/12, $6.0 , $7.5 ,4,Demi-season,Boy,NANO, COTTON,,Knit hat 100% COTTON
hat,200 BTUT S17,Navy,2/4X, $6.0 , $7.50 ,18,Demi-season,unisex,NANO, COTTON,,Knit hat 100% COTTON
hat,200 BTUT S17,Navy,5/6X, $6.0 , $7.50 ,20,Demi-season,unisex,NANO, COTTON,,Knit hat 100% COTTON
hat,200 BTUT S17,Navy,7/12, $6.0 , $7.50 ,11,Demi-season,unisex,NANO, COTTON,,Knit hat 100% COTTON
hat,200 BTUT S17,Black,2/4X, $6.0 , $7.50 ,5,Demi-season,unisex,NANO, COTTON,,Knit hat 100% COTTON
hat,200 BTUT S17,Black,5/6X, $6.0 , $7.50 ,18,Demi-season,unisex,NANO, COTTON,,Knit hat 100% COTTON
hat,200 BTUT S17,Black,7/12, $6.0 , $7.50 ,20,Demi-season,unisex,NANO, COTTON,,Knit hat 100% COTTON
hat,200 BTUT S17,Dark Grey mix,2/4X, $6.0 , $7.50 ,30,Demi-season,unisex,NANO, COTTON,,Knit hat 100% COTTON
hat,200 BTUT S17,Dark Grey mix,5/6X, $6.0 , $7.50 ,30,Demi-season,unisex,NANO, COTTON,,Knit hat 100% COTTON
hat,200 BTUT S17,Dark Grey mix,7/12, $6.0 , $7.50 ,29,Demi-season,unisex,NANO, COTTON,,Knit hat 100% COTTON
hat,200 BTUT S17,Flower,2/4X, $6.0 , $7.50 ,16,Demi-season,Girl,NANO, COTTON,,Knit hat 100% COTTON
hat,200 BTUT S17,Flower,5/6X, $6.0 , $7.50 ,16,Demi-season,Girl,NANO, COTTON,,Knit hat 100% COTTON
hat,200 BTUT S17,Flower,7/12, $6.0 , $7.50 ,21,Demi-season,Girl,NANO, COTTON,,Knit hat 100% COTTON
hat,254 TUT S17,Dark Navy,2/4X, $7.0 , $9.00 ,5,Demi-season,unisex,NANO, COTTON,,Knit hat 100% COTTON
hat,254 TUT S17,Dark Navy,5/6X, $7.0 , $9.00 ,10,Demi-season,unisex,NANO, COTTON,,Knit hat 100% COTTON
hat,254 TUT S17,Dark Navy,7/12, $7.0 , $9.00 ,8,Demi-season,unisex,NANO, COTTON,,Knit hat 100% COTTON
hat,254 TUT S17,Flower,2/4X, $7.0 , $9.00 ,5,Demi-season,Girl,NANO, COTTON,,Knit hat 100% COTTON
hat,254 TUT S17,Flower,5/6X, $7.0 , $9.00 ,5,Demi-season,Girl,NANO, COTTON,,Knit hat 100% COTTON
hat,254 TUT S17,Flower,7/12, $7.0 , $9.00 ,5,Demi-season,Girl,NANO, COTTON,,Knit hat 100% COTTON
hat,262 TUT S17,Lipstick,2/4X, $7.0 , $9.00 ,5,Demi-season,Girl,NANO, COTTON,,Knit hat 100% COTTON
hat,262 TUT S17,Lipstick,5/6X, $7.0 , $9.00 ,5,Demi-season,Girl,NANO, COTTON,,Knit hat 100% COTTON
hat,262 TUT S17,Lipstick,7/12, $7.0 , $9.00 ,3,Demi-season,Girl,NANO, COTTON,,Knit hat 100% COTTON
hat,268 TUT S17,Lavander,2/4X, $7.0 , $9.00 ,8,Demi-season,Girl,NANO, COTTON,,Knit hat 100% COTTON
hat,268 TUT S17,Lavander,5/6X, $7.0 , $9.00 ,2,Demi-season,Girl,NANO, COTTON,,Knit hat 100% COTTON
hat,268 TUT S17,Lavander,7/12, $7.0 , $9.00 ,4,Demi-season,Girl,NANO, COTTON,,Knit hat 100% COTTON
hat,255 TUT S17,Navy,12/24 m, $7.0 , $9.00 ,9,Demi-season,Boy,NANO, COTTON,,Knit hat 100% COTTON
hat,255 TUT S17,Navy,2/4X, $7.0 , $9.00 ,19,Demi-season,Boy,NANO, COTTON,,Knit hat 100% COTTON
hat,255 TUT S17,Navy,5/6X, $7.0 , $9.00 ,15,Demi-season,Boy,NANO, COTTON,,Knit hat 100% COTTON
hat,255 TUT S17,Navy,7/12, $7.0 , $9.00 ,1,Demi-season,Boy,NANO, COTTON,,Knit hat 100% COTTON
hat,257 TUT S17,Deep Grey,12/24 m, $7.0 , $9.00 ,10,Demi-season,Boy,NANO, COTTON,,Knit hat 100% COTTON
hat,257 TUT S17,Deep Grey,2/4X, $7.0 , $9.00 ,13,Demi-season,Boy,NANO, COTTON,,Knit hat 100% COTTON
hat,257 TUT S17,Deep Grey,5/6X, $7.0 , $9.00 ,18,Demi-season,Boy,NANO, COTTON,,Knit hat 100% COTTON
hat,257 TUT S17,Deep Grey,7/12, $7.0 , $9.00 ,6,Demi-season,Boy,NANO, COTTON,,Knit hat 100% COTTON
hat,271 TUT S17,Chili,12/24 m, $7.0 , $9.00 ,9,Demi-season,Boy,NANO, COTTON,,Knit hat 100% COTTON
hat,271 TUT S17,Chili,2/4X, $7.0 , $9.00 ,6,Demi-season,Boy,NANO, COTTON,,Knit hat 100% COTTON
hat,271 TUT S17,Chili,5/6X, $7.0 , $9.00 ,22,Demi-season,Boy,NANO, COTTON,,Knit hat 100% COTTON
hat,271 TUT S17,Chili,7/12, $7.0 , $9.00 ,6,Demi-season,Boy,NANO, COTTON,,Knit hat 100% COTTON
hat,283 TUT S17,Classical,12/24 m, $7.0 , $9.00 ,15,Demi-season,Boy,NANO, COTTON,,Knit hat 100% COTTON
hat,283 TUT S17,Classical,2/4X, $7.0 , $9.00 ,21,Demi-season,Boy,NANO, COTTON,,Knit hat 100% COTTON
hat,283 TUT S17,Classical,5/6X, $7.0 , $9.00 ,24,Demi-season,Boy,NANO, COTTON,,Knit hat 100% COTTON
hat,283 TUT S17,Classical,7/12, $7.0 , $9.00 ,5,Demi-season,Boy,NANO, COTTON,,Knit hat 100% COTTON
hat,285 TUT S17,Team Red,12/24 m, $7.0 , $9.00 ,10,Demi-season,Boy,NANO, COTTON,,Knit hat 100% COTTON
hat,285 TUT S17,Team Red,2/4X, $7.0 , $9.00 ,20,Demi-season,Boy,NANO, COTTON,,Knit hat 100% COTTON
hat,285 TUT S17,Team Red,5/6X, $7.0 , $9.00 ,30,Demi-season,Boy,NANO, COTTON,,Knit hat 100% COTTON
hat,285 TUT S17,Team Red,7/12, $7.0 , $9.00 ,6,Demi-season,Boy,NANO, COTTON,,Knit hat 100% COTTON
hat,200 TUT F16,Dahlia,12/24 m, $6.0 , $7.50 ,10,Demi-season,Girl,NANO, COTTON,,Knit hat 100% COTTON
hat,200 TUT F16,Dahlia,2/4X, $6.0 , $7.50 ,20,Demi-season,Girl,NANO, COTTON,,Knit hat 100% COTTON
hat,200 TUT F16,Dahlia,5/6X, $6.0 , $7.50 ,19,Demi-season,Girl,NANO, COTTON,,Knit hat 100% COTTON
hat,200 TUT F16,Dahlia,7/12, $6.0 , $7.50 ,19,Demi-season,Girl,NANO, COTTON,,Knit hat 100% COTTON
hat,200 TUT F16,Ultra Pink,12/24 m, $6.0 , $7.50 ,10,Demi-season,Girl,NANO, COTTON,,Knit hat 100% COTTON
hat,200 TUT F16,Ultra Pink,2/4X, $6.0 , $7.50 ,16,Demi-season,Girl,NANO, COTTON,,Knit hat 100% COTTON
hat,200 TUT F16,Ultra Pink,5/6X, $6.0 , $7.50 ,16,Demi-season,Girl,NANO, COTTON,,Knit hat 100% COTTON
hat,200 TUT F16,Ultra Pink,7/12, $6.0 , $7.50 ,15,Demi-season,Girl,NANO, COTTON,,Knit hat 100% COTTON
hat,200 TUT F16,Purple Haze,12/24 m, $6.0 , $7.50 ,5,Demi-season,unisex,NANO, COTTON,,Knit hat 100% COTTON
hat,200 TUT F16,Purple Haze,2/4X, $6.0 , $7.50 ,14,Demi-season,unisex,NANO, COTTON,,Knit hat 100% COTTON
hat,200 TUT F16,Purple Haze,5/6X, $6.0 , $7.50 ,15,Demi-season,unisex,NANO, COTTON,,Knit hat 100% COTTON
hat,200 TUT F16,Purple Haze,7/12, $6.0 , $7.50 ,14,Demi-season,unisex,NANO, COTTON,,Knit hat 100% COTTON
hat,202 TUT F16,Bright Coraline,2/4X, $7.0 , $8.00 ,14,Demi-season,Girl,NANO, COTTON,,Knit hat 100% COTTON
hat,202 TUT F16,Bright Coraline,5/6X, $7.0 , $8.00 ,16,Demi-season,Girl,NANO, COTTON,,Knit hat 100% COTTON
hat,202 TUT F16,Bright Coraline,7/12, $7.0 , $8.00 ,23,Demi-season,Girl,NANO, COTTON,,Knit hat 100% COTTON
hat,202 TUT F16,Purple Haze,2/4X, $7.0 , $8.00 ,16,Demi-season,Girl,NANO, COTTON,,Knit hat 100% COTTON
hat,202 TUT F16,Purple Haze,5/6X, $7.0 , $8.00 ,12,Demi-season,Girl,NANO, COTTON,,Knit hat 100% COTTON
hat,202 TUT F16,Purple Haze,7/12, $7.0 , $8.00 ,22,Demi-season,Girl,NANO, COTTON,,Knit hat 100% COTTON
hat,200 TUT F16,Navy,12/24 m, $6.0 , $7.50 ,9,Demi-season,unisex,NANO, COTTON,,Knit hat 100% COTTON
hat,200 TUT F16,Navy,2/4X, $6.0 , $7.50 ,18,Demi-season,unisex,NANO, COTTON,,Knit hat 100% COTTON
hat,200 TUT F16,Navy,5/6X, $6.0 , $7.50 ,17,Demi-season,unisex,NANO, COTTON,,Knit hat 100% COTTON
hat,200 TUT F16,Navy,7/12, $6.0 , $7.50 ,16,Demi-season,unisex,NANO, COTTON,,Knit hat 100% COTTON
hat,200 TUT F16,Black,2/4X, $6.0 , $7.50 ,10,Demi-season,unisex,NANO, COTTON,,Knit hat 100% COTTON
hat,200 TUT F16,Black,5/6X, $6.0 , $7.50 ,13,Demi-season,unisex,NANO, COTTON,,Knit hat 100% COTTON
hat,200 TUT F16,Black,7/12, $6.0 , $7.50 ,17,Demi-season,unisex,NANO, COTTON,,Knit hat 100% COTTON
hat,200 TUT F16,Gray mix,12/24 m, $6.0 , $7.50 ,10,Demi-season,unisex,NANO, COTTON,,Knit hat 100% COTTON
hat,200 TUT F16,Gray mix,2/4X, $6.0 , $7.50 ,13,Demi-season,unisex,NANO, COTTON,,Knit hat 100% COTTON
hat,200 TUT F16,Gray mix,5/6X, $6.0 , $7.50 ,10,Demi-season,unisex,NANO, COTTON,,Knit hat 100% COTTON
hat,200 TUT F16,Gray mix,7/12, $6.0 , $7.50 ,10,Demi-season,unisex,NANO, COTTON,,Knit hat 100% COTTON
hat,202 TUT F16,Navy,2/4X, $7.0 , $8.00 ,17,Demi-season,Boy,NANO, COTTON,,Knit hat 100% COTTON
hat,202 TUT F16,Navy,5/6X, $7.0 , $8.00 ,14,Demi-season,Boy,NANO, COTTON,,Knit hat 100% COTTON
hat,202 TUT F16,Navy,7/12, $7.0 , $8.00 ,23,Demi-season,Boy,NANO, COTTON,,Knit hat 100% COTTON
hat,202 TUT F16,Dark Water,2/4X, $7.0 , $8.00 ,16,Demi-season,Boy,NANO, COTTON,,Knit hat 100% COTTON
hat,202 TUT F16,Dark Water,5/6X, $7.0 , $8.00 ,14,Demi-season,Boy,NANO, COTTON,,Knit hat 100% COTTON
hat,202 TUT F16,Dark Water,7/12, $7.0 , $8.00 ,21,Demi-season,Boy,NANO, COTTON,,Knit hat 100% COTTON
hat,202 TUT F16,Glacier Gray,2/4X, $7.0 , $8.00 ,13,Demi-season,Boy,NANO, COTTON,,Knit hat 100% COTTON
hat,202 TUT F16,Glacier Gray,5/6X, $7.0 , $8.00 ,13,Demi-season,Boy,NANO, COTTON,,Knit hat 100% COTTON
hat,202 TUT F16,Glacier Gray,7/12, $7.0 , $8.00 ,18,Demi-season,Boy,NANO, COTTON,,Knit hat 100% COTTON
hat,200 TU F14,Light Flamingo,2/4X, $6.0 , $7.50 ,6,Demi-season,Girl,NANO, COTTON,,Knit hat 100% COTTON
hat,200 TU F14,Light Flamingo,5/6X, $6.0 , $7.50 ,9,Demi-season,Girl,NANO, COTTON,,Knit hat 100% COTTON
hat,200 TU F14,Very Berry,2/4X, $6.0 , $7.50 ,3,Demi-season,Girl,NANO, COTTON,,Knit hat 100% COTTON
hat,200 TU F14,Very Berry,5/6X, $6.0 , $7.50 ,1,Demi-season,Girl,NANO, COTTON,,Knit hat 100% COTTON
hat,200 TU F14,Virtual Pink,12/24 m, $6.0 , $7.50 ,1,Demi-season,Girl,NANO, COTTON,,Knit hat 100% COTTON
hat,200 TU F14,Virtual Pink,2/4X, $6.0 , $7.50 ,4,Demi-season,Girl,NANO, COTTON,,Knit hat 100% COTTON
hat,200 TU F14,Black,2/4X, $6.0 , $7.50 ,3,Demi-season,unisex,NANO, COTTON,,Knit hat 100% COTTON
hat,200 TU F14,Black,5/6X, $6.0 , $7.50 ,2,Demi-season,unisex,NANO, COTTON,,Knit hat 100% COTTON
hat,200 TU F14,Black,7/12, $6.0 , $7.50 ,1,Demi-season,unisex,NANO, COTTON,,Knit hat 100% COTTON
hat,200 TU F14,Orange,12/24 m, $6.0 , $7.50 ,2,Demi-season,unisex,NANO, COTTON,,Knit hat 100% COTTON
hat,200 TU F14,Neon Green,12/24 m, $6.0 , $7.50 ,1,Demi-season,unisex,NANO, COTTON,,Knit hat 100% COTTON
hat,200 TU F14,Navy,12/24 m, $6.0 , $7.50 ,1,Demi-season,unisex,NANO, COTTON,,Knit hat 100% COTTON
hat,488 TC F16,Lipstick,0/6 m, $11.5 , $14.5 ,1,Winter,Girl,NANO,WOOL,ACRIL,Winter knit hat. 50% wool 50% acril. Lining fleece mICROPOLAR
hat,488 TC F16,Lipstick,9/12  m, $11.5 , $14.5 ,1,Winter,Girl,NANO,WOOL,ACRIL,Winter knit hat. 50% wool 50% acril. Lining fleece mICROPOLAR
hat,488 TC F16,Lipstick,12/24 m, $11.5 , $14.5 ,8,Winter,Girl,NANO,WOOL,ACRIL,Winter knit hat. 50% wool 50% acril. Lining fleece mICROPOLAR
hat,250 TC F16,Purple,2/3X, $11.5 , $14.5 ,4,Winter,Girl,NANO,WOOL,ACRIL,Winter knit hat. 50% wool 50% acril. Lining fleece mICROPOLAR
hat,264 TC F16,Gray,2/3X, $11.5 , $14.5 ,1,Winter,Girl,NANO,WOOL,ACRIL,Winter knit hat. 50% wool 50% acril. Lining fleece mICROPOLAR
hat,264 TC F16,Gray,7/12, $11.5 , $14.5 ,2,Winter,Girl,NANO,WOOL,ACRIL,Winter knit hat. 50% wool 50% acril. Lining fleece mICROPOLAR
hat,266 TC F16,Coral Pink,2/3X, $11.5 , $14.5 ,18,Winter,Girl,NANO,WOOL,ACRIL,Winter knit hat. 50% wool 50% acril. Lining fleece mICROPOLAR
hat,266 TC F16,Coral Pink,4/6X, $11.5 , $14.5 ,12,Winter,Girl,NANO,WOOL,ACRIL,Winter knit hat. 50% wool 50% acril. Lining fleece mICROPOLAR
hat,266 TC F16,Coral Pink,7/12, $11.5 , $14.5 ,16,Winter,Girl,NANO,WOOL,ACRIL,Winter knit hat. 50% wool 50% acril. Lining fleece mICROPOLAR
hat,274 TC F16,Bright Coraline,2/3X, $11.5 , $14.5 ,24,Winter,Girl,NANO,WOOL,ACRIL,Winter knit hat. 50% wool 50% acril. Lining fleece mICROPOLAR
hat,274 TC F16,Bright Coraline,4/6X, $11.5 , $14.5 ,22,Winter,Girl,NANO,WOOL,ACRIL,Winter knit hat. 50% wool 50% acril. Lining fleece mICROPOLAR
hat,274 TC F16,Bright Coraline,7/12, $11.5 , $14.5 ,27,Winter,Girl,NANO,WOOL,ACRIL,Winter knit hat. 50% wool 50% acril. Lining fleece mICROPOLAR
hat,292 TC F16,Light Viola,12/24 m, $11.5 , $14.5 ,8,Winter,Girl,NANO,WOOL,ACRIL,Winter knit hat. 50% wool 50% acril. Lining fleece mICROPOLAR
hat,292 TC F16,Light Viola,2/3X, $11.5 , $14.5 ,18,Winter,Girl,NANO,WOOL,ACRIL,Winter knit hat. 50% wool 50% acril. Lining fleece mICROPOLAR
hat,292 TC F16,Light Viola,4/6X, $11.5 , $14.5 ,13,Winter,Girl,NANO,WOOL,ACRIL,Winter knit hat. 50% wool 50% acril. Lining fleece mICROPOLAR
hat,292 TC F16,Light Viola,7/12, $11.5 , $14.5 ,15,Winter,Girl,NANO,WOOL,ACRIL,Winter knit hat. 50% wool 50% acril. Lining fleece mICROPOLAR
hat,1252 TU F16,Bright Raspberry,7/12, $13.0 , $16.0 ,6,Winter,Girl,NANO,WOOL,ACRIL,Winter knit hat. 50% wool 50% acril. Lining fleece mICROPOLAR
hat,1252 TU F16,Flash Lilac,7/12, $13.0 , $16.0 ,8,Winter,Girl,NANO,WOOL,ACRIL,Winter knit hat. 50% wool 50% acril. Lining fleece mICROPOLAR
hat,251 TC F16,Really Red,9/12 m, $11.5 , $14.5 ,1,Winter,Boy,NANO,WOOL,ACRIL,Winter knit hat. 50% wool 50% acril. Lining fleece mICROPOLAR
hat,251 TC F16,Really Red,12/24 m, $11.5 , $14.5 ,3,Winter,Boy,NANO,WOOL,ACRIL,Winter knit hat. 50% wool 50% acril. Lining fleece mICROPOLAR
hat,251 TC F16,Really Red,2/3X, $11.5 , $14.5 ,13,Winter,Boy,NANO,WOOL,ACRIL,Winter knit hat. 50% wool 50% acril. Lining fleece mICROPOLAR
hat,251 TC F16,Really Red,4/6X, $11.5 , $14.5 ,11,Winter,Boy,NANO,WOOL,ACRIL,Winter knit hat. 50% wool 50% acril. Lining fleece mICROPOLAR
hat,251 TC F16,Really Red,7/12,,,10,Winter,Boy,NANO,WOOL,ACRIL,Winter knit hat. 50% wool 50% acril. Lining fleece mICROPOLAR
hat,251 TC F16,Cognac Taupe,2/3X, $11.5 , $14.5 ,15,Winter,Boy,NANO,WOOL,ACRIL,Winter knit hat. 50% wool 50% acril. Lining fleece mICROPOLAR
hat,251 TC F16,Cognac Taupe,4/6X, $11.5 , $14.5 ,15,Winter,Boy,NANO,WOOL,ACRIL,Winter knit hat. 50% wool 50% acril. Lining fleece mICROPOLAR
hat,251 TC F16,Cognac Taupe,7/12, $11.5 , $14.5 ,14,Winter,Boy,NANO,WOOL,ACRIL,Winter knit hat. 50% wool 50% acril. Lining fleece mICROPOLAR
hat,265 TC F16,Navy,2/3X, $11.5 , $14.5 ,18,Winter,Boy,NANO,WOOL,ACRIL,Winter knit hat. 50% wool 50% acril. Lining fleece mICROPOLAR
hat,265 TC F16,Navy,4/6X, $11.5 , $14.5 ,16,Winter,Boy,NANO,WOOL,ACRIL,Winter knit hat. 50% wool 50% acril. Lining fleece mICROPOLAR
hat,265 TC F16,Navy,7/12, $11.5 , $14.5 ,14,Winter,Boy,NANO,WOOL,ACRIL,Winter knit hat. 50% wool 50% acril. Lining fleece mICROPOLAR
hat,267 TC F16,Navy,12/24 m, $11.5 , $14.5 ,7,Winter,Boy,NANO,WOOL,ACRIL,Winter knit hat. 50% wool 50% acril. Lining fleece mICROPOLAR
hat,267 TC F16,Navy,2/3X, $11.5 , $14.5 ,15,Winter,Boy,NANO,WOOL,ACRIL,Winter knit hat. 50% wool 50% acril. Lining fleece mICROPOLAR
hat,267 TC F16,Navy,4/6X, $11.5 , $14.5 ,12,Winter,Boy,NANO,WOOL,ACRIL,Winter knit hat. 50% wool 50% acril. Lining fleece mICROPOLAR
hat,267 TC F16,Navy,7/12,,,11,Winter,Boy,NANO,WOOL,ACRIL,Winter knit hat. 50% wool 50% acril. Lining fleece mICROPOLAR
hat,269 TC F16,Gray mix,2/3X, $11.5 , $14.5 ,20,Winter,Boy,NANO,WOOL,ACRIL,Winter knit hat. 50% wool 50% acril. Lining fleece mICROPOLAR
hat,269 TC F16,Gray mix,4/6X, $11.5 , $14.5 ,19,Winter,Boy,NANO,WOOL,ACRIL,Winter knit hat. 50% wool 50% acril. Lining fleece mICROPOLAR
hat,269 TC F16,Gray mix,7/12, $11.5 , $14.5 ,11,Winter,Boy,NANO,WOOL,ACRIL,Winter knit hat. 50% wool 50% acril. Lining fleece mICROPOLAR
hat,271 TC F16,Black,2/3X, $11.5 , $14.5 ,19,Winter,Boy,NANO,WOOL,ACRIL,Winter knit hat. 50% wool 50% acril. Lining fleece mICROPOLAR
hat,271 TC F16,Black,4/6X, $11.5 , $14.5 ,19,Winter,Boy,NANO,WOOL,ACRIL,Winter knit hat. 50% wool 50% acril. Lining fleece mICROPOLAR
hat,271 TC F16,Black,7/12, $11.5 , $14.5 ,10,Winter,Boy,NANO,WOOL,ACRIL,Winter knit hat. 50% wool 50% acril. Lining fleece mICROPOLAR
buff,500 CAC F16,Dahlia,12/24 m, $5.5 , $8.0 ,26,All,Girl,NANO,FLEECE,,Two-layer fleece buff
buff,500 CAC F16,Dahlia,2/6X, $5.5 , $8.0 ,17,All,Girl,NANO,FLEECE,,Two-layer fleece buff
buff,500 CAC F16,Dahlia,7/12, $5.5 , $8.0 ,25,All,Girl,NANO,FLEECE,,Two-layer fleece buff
buff,500 CAC F16,Bright Coraline,12/24 m, $5.5 , $8.0 ,26,All,Girl,NANO,FLEECE,,Two-layer fleece buff
buff,500 CAC F16,Bright Coraline,2/6X, $5.5 , $8.0 ,20,All,Girl,NANO,FLEECE,,Two-layer fleece buff
buff,500 CAC F16,Bright Coraline,7/12, $5.5 , $8.0 ,23,All,Girl,NANO,FLEECE,,Two-layer fleece buff
buff,500 CAC F16,Navy,12/24 m, $5.5 , $8.0 ,23,All,Unisex,NANO,FLEECE,,Two-layer fleece buff
buff,500 CAC F16,Navy,2/6X, $5.5 , $8.0 ,20,All,Unisex,NANO,FLEECE,,Two-layer fleece buff
buff,500 CAC F16,Navy,7/12, $5.5 , $8.0 ,24,All,Unisex,NANO,FLEECE,,Two-layer fleece buff
buff,500 CAC F16,Black,12/24 m, $5.5 , $8.0 ,14,All,Unisex,NANO,FLEECE,,Two-layer fleece buff
buff,500 CAC F16,Black,2/6X, $5.5 , $8.0 ,13,All,Unisex,NANO,FLEECE,,Two-layer fleece buff
buff,500 CAC F16,Black,7/12, $5.5 , $8.0 ,7,All,Unisex,NANO,FLEECE,,Two-layer fleece buff
buff,500 CAC F16,Dk Gray mix,12/24 m, $5.5 , $8.0 ,25,All,Unisex,NANO,FLEECE,,Two-layer fleece buff
buff,500 CAC F16,Navy,2/6X, $5.5 , $8.0 ,24,All,Unisex,NANO,FLEECE,,Two-layer fleece buff
buff,500 CAC F16,Navy,7/12, $5.5 , $8.0 ,20,All,Unisex,NANO,FLEECE,,Two-layer fleece buff
mittens,201 mIT F16,Black,7/10, $12.0 , $15.0 ,5,Winter,Unisex,NANO,,,Waterproof mittens. Removable inner insert of artificial fur. 
mittens,201 mIT F16,Black,12/14, $12.0 , $15.0 ,9,Winter,Unisex,NANO,,,Waterproof mittens. Removable inner insert of artificial fur. 
mittens,201 mIT F16,Deep Gray,12/14, $12.0 , $15.0 ,9,Winter,Unisex,NANO,,,Waterproof mittens. Removable inner insert of artificial fur. 
mittens,201 mIT F16,Navy,7/10, $12.0 , $15.0 ,1,Winter,Unisex,NANO,,,Waterproof mittens. Removable inner insert of artificial fur. 
mittens,201 mIT F16,Navy,12/14, $12.0 , $15.0 ,9,Winter,Unisex,NANO,,,Waterproof mittens. Removable inner insert of artificial fur. 
mittens,201 mIT F16,Bright Raspberry,7/10, $12.0 , $15.0 ,2,Winter,Girl,NANO,,,Waterproof mittens. Removable inner insert of artificial fur. 
mittens,201 mIT F16,Bright Raspberry,12/14, $12.0 , $15.0 ,9,Winter,Girl,NANO,,,Waterproof mittens. Removable inner insert of artificial fur. 
mittens,201 mIT F16,Purple magic,2/3X, $12.0 , $15.0 ,8,Winter,Girl,NANO,,,Waterproof mittens. Removable inner insert of artificial fur. 
mittens,201 mIT F16,Purple magic,4/6X, $12.0 , $15.0 ,8,Winter,Girl,NANO,,,Waterproof mittens. Removable inner insert of artificial fur. 
mittens,201 mIT F16,Purple magic,7/10, $12.0 , $15.0 ,3,Winter,Girl,NANO,,,Waterproof mittens. Removable inner insert of artificial fur. 
mittens,201 mIT F16,Purple magic,12/14, $12.0 , $15.0 ,14,Winter,Girl,NANO,,,Waterproof mittens. Removable inner insert of artificial fur. 
mittens,500 mITP F16,Bright Coraline,12/24 m, $8.0 , $10.0 ,15,Winter,Girl,NANO,FLEECE,,Fleece mittens. Polifill 90gr. 
mittens,500 mITP F16,Bright Coraline,2/4, $8.0 , $10.0 ,15,Winter,Girl,NANO,FLEECE,,Fleece mittens. Polifill 90gr. 
mittens,500 mITP F16,Bright Coraline,5/6X, $8.0 , $10.0 ,23,Winter,Girl,NANO,FLEECE,,Fleece mittens. Polifill 90gr. 
mittens,500 mITP F16,Bright Coraline,7/8, $8.0 , $10.0 ,12,Winter,Girl,NANO,FLEECE,,Fleece mittens. Polifill 90gr. 
mittens,500 mITP F16,Bright Coraline,10/12, $8.0 , $10.0 ,9,Winter,Girl,NANO,FLEECE,,Fleece mittens. Polifill 90gr. 
mittens,500 mITP F16,Dahlia,12/24 m, $8.0 , $10.0 ,24,Winter,Girl,NANO,FLEECE,,Fleece mittens. Polifill 90gr. 
mittens,500 mITP F16,Dahlia,2/4, $8.0 , $10.0 ,24,Winter,Girl,NANO,FLEECE,,Fleece mittens. Polifill 90gr. 
mittens,500 mITP F16,Dahlia,5/6X, $8.0 , $10.0 ,23,Winter,Girl,NANO,FLEECE,,Fleece mittens. Polifill 90gr. 
mittens,500 mITP F16,Dahlia,7/8, $8.0 , $10.0 ,9,Winter,Girl,NANO,FLEECE,,Fleece mittens. Polifill 90gr. 
mittens,500 mITP F16,Dahlia,10/12, $8.0 , $10.0 ,9,Winter,Girl,NANO,FLEECE,,Fleece mittens. Polifill 90gr. 
mittens,500 mITP F16,Navy,12/24 m, $8.0 , $10.0 ,5,Winter,Unisex,NANO,FLEECE,,Fleece mittens. Polifill 90gr. 
mittens,500 mITP F16,Navy,2/4, $8.0 , $10.0 ,3,Winter,Unisex,NANO,FLEECE,,Fleece mittens. Polifill 90gr. 
mittens,500 mITP F16,Navy,5/6X, $8.0 , $10.0 ,14,Winter,Unisex,NANO,FLEECE,,Fleece mittens. Polifill 90gr. 
mittens,500 mITP F16,Navy,7/8, $8.0 , $10.0 ,10,Winter,Unisex,NANO,FLEECE,,Fleece mittens. Polifill 90gr. 
mittens,500 mITP F16,Navy,10/12, $8.0 , $10.0 ,8,Winter,Unisex,NANO,FLEECE,,Fleece mittens. Polifill 90gr. 
mittens,500 mITP F16,Black,12/24 m, $8.0 , $10.0 ,24,Winter,Unisex,NANO,FLEECE,,Fleece mittens. Polifill 90gr. 
mittens,500 mITP F16,Black,2/4, $8.0 , $10.0 ,5,Winter,Unisex,NANO,FLEECE,,Fleece mittens. Polifill 90gr. 
mittens,500 mITP F16,Black,5/6X, $8.0 , $10.0 ,5,Winter,Unisex,NANO,FLEECE,,Fleece mittens. Polifill 90gr. 
mittens,500 mITP F16,Black,7/8, $8.0 , $10.0 ,8,Winter,Unisex,NANO,FLEECE,,Fleece mittens. Polifill 90gr. 
mittens,500 mITP F16,Black,10/12, $8.0 , $10.0 ,9,Winter,Unisex,NANO,FLEECE,,Fleece mittens. Polifill 90gr. 
mittens,500 mITP F16,Gray mix,12/24 m, $8.0 , $10.0 ,3,Winter,Unisex,NANO,FLEECE,,Fleece mittens. Polifill 90gr. 
mittens,500 mITP F16,Gray mix,2/4, $8.0 , $10.0 ,14,Winter,Unisex,NANO,FLEECE,,Fleece mittens. Polifill 90gr. 
mittens,500 mITP F16,Gray mix,5/6X, $8.0 , $10.0 ,20,Winter,Unisex,NANO,FLEECE,,Fleece mittens. Polifill 90gr. 
mittens,500 mITP F16,Gray mix,7/8, $8.0 , $10.0 ,1,Winter,Unisex,NANO,FLEECE,,Fleece mittens. Polifill 90gr. 
mittens,500 mITP F16,Gray mix,10/12, $8.0 , $10.0 ,8,Winter,Unisex,NANO,FLEECE,,Fleece mittens. Polifill 90gr. 
hat + buff,252 TC F14,Very Berry,7/10, $13.0 , $18 ,5,winter,Girl, NANO , WOOL ,,Winter wool hat + fleece buff
hat,256 TC F14,Gerbera,9/12 m, $9.5 , $13 ,5,winter,Girl, NANO , WOOL ,,Winter wool hat + fleece buff
hat + buff,266 TC F14,Gerbera,7/10, $13.0 , $18 ,2,winter,Girl, NANO , WOOL ,,Winter wool hat + fleece buff
hat + buff,276 TC F14,Phlox Pink,7/10, $13.0 , $18 ,2,winter,Girl, NANO , WOOL ,,Winter wool hat + fleece buff
mittens,201 mIT F14,Grape Compote,4/6X, $10.0 , $14.0 ,1,winter,Girl, NANO ,,,Waterproof mittens
mittens,201 mIT F14,Grape Compote,7/10, $10.0 , $14.0 ,1,winter,Girl, NANO ,,,Waterproof mittens
mittens,500 mIT F14,Grey,7/10, $6.0 , $8.0 ,4,winter,Unisex, NANO , FLEECE ,,Fleece mittens
mittens,500 mIT F14,Orange,7/10, $6.0 , $8.0 ,4,winter,Unisex, NANO , FLEECE ,,Fleece mittens
buff,501 CAC F14,Very Berry,o/s, $4.5 , $6.5 ,22,winter,Girl, NANO , FLEECE ,,Two-layer fleece buff
buff,501 CAC F14,Virtual Pink,o/s, $4.5 , $6.5 ,15,winter,Girl, NANO , FLEECE ,,Two-layer fleece buff
buff,501 CAC F14,Blue,o/s, $4.5 , $6.5 ,16,winter,Unisex, NANO , FLEECE ,,Two-layer fleece buff
buff,501 CAC F14,Orange,o/s, $4.5 , $6.5 ,37,winter,Unisex, NANO , FLEECE ,,Two-layer fleece buff
