pants,200 P S17,Deep Grey,12m,74-80 cm, $18.0 , $22.5 ,5,Demi-season,unisex,NANO,0-15,65 % POLYESTER,35% COTTON,Demi-season waterproof pants. membrane 1000 mm. Lining 65% polyester 35% cotton. Waterproof 3000 mm. 
pants,200 P S17,Deep Grey,18m,80-88 cm, $18.0 , $22.5 ,5,Demi-season,unisex,NANO,0-15,65 % POLYESTER,35% COTTON,Demi-season waterproof pants. membrane 1000 mm. Lining 65% polyester 35% cotton. Waterproof 3000 mm. 
pants,200 P S17,Deep Grey,24m,86-92 cm, $18.0 , $22.5 ,5,Demi-season,unisex,NANO,0-15,65 % POLYESTER,35% COTTON,Demi-season waterproof pants. membrane 1000 mm. Lining 65% polyester 35% cotton. Waterproof 3000 mm. 
pants,200 P S17,Deep Grey,2,89-95 cm, $23.0 , $28.0 ,7,Demi-season,unisex,NANO,0-15,65 % POLYESTER,35% COTTON,Demi-season waterproof pants. membrane 1000 mm. Lining 65% polyester 35% cotton. Waterproof 3000 mm. 
pants,200 P S17,Deep Grey,3,93-100 cm, $23.0 , $28.0 ,7,Demi-season,unisex,NANO,0-15,65 % POLYESTER,35% COTTON,Demi-season waterproof pants. membrane 1000 mm. Lining 65% polyester 35% cotton. Waterproof 3000 mm. 
pants,200 P S17,Deep Grey,3X,96-104 cm, $23.0 , $28.0 ,7,Demi-season,unisex,NANO,0-15,65 % POLYESTER,35% COTTON,Demi-season waterproof pants. membrane 1000 mm. Lining 65% polyester 35% cotton. Waterproof 3000 mm. 
pants,200 P S17,Deep Grey,4,100-110 cm, $23.0 , $28.0 ,7,Demi-season,unisex,NANO,0-15,65 % POLYESTER,35% COTTON,Demi-season waterproof pants. membrane 1000 mm. Lining 65% polyester 35% cotton. Waterproof 3000 mm. 
pants,200 P S17,Deep Grey,5,106-116 cm, $23.0 , $28.0 ,7,Demi-season,unisex,NANO,0-15,65 % POLYESTER,35% COTTON,Demi-season waterproof pants. membrane 1000 mm. Lining 65% polyester 35% cotton. Waterproof 3000 mm. 
pants,200 P S17,Deep Grey,6,112-122 cm, $23.0 , $28.0 ,7,Demi-season,unisex,NANO,0-15,65 % POLYESTER,35% COTTON,Demi-season waterproof pants. membrane 1000 mm. Lining 65% polyester 35% cotton. Waterproof 3000 mm. 
pants,200 P S17,Deep Grey,6X,116-126 cm, $23.0 , $28.0 ,7,Demi-season,unisex,NANO,0-15,65 % POLYESTER,35% COTTON,Demi-season waterproof pants. membrane 1000 mm. Lining 65% polyester 35% cotton. Waterproof 3000 mm. 
pants,200 P S17,Deep Grey,7,120-130 cm, $23.0 , $28.0 ,7,Demi-season,unisex,NANO,0-15,65 % POLYESTER,35% COTTON,Demi-season waterproof pants. membrane 1000 mm. Lining 65% polyester 35% cotton. Waterproof 3000 mm. 
pants,200 P S17,Deep Grey,8,126-136 cm, $23.0 , $28.0 ,7,Demi-season,unisex,NANO,0-15,65 % POLYESTER,35% COTTON,Demi-season waterproof pants. membrane 1000 mm. Lining 65% polyester 35% cotton. Waterproof 3000 mm. 
pants,200 P S17,Deep Grey,10,132-142 cm, $23.0 , $28.0 ,7,Demi-season,unisex,NANO,0-15,65 % POLYESTER,35% COTTON,Demi-season waterproof pants. membrane 1000 mm. Lining 65% polyester 35% cotton. Waterproof 3000 mm. 
pants,200 P S17,Navy,12m,74-80 cm, $18.0 , $22.5 ,5,Demi-season,unisex,NANO,0-15,65 % POLYESTER,35% COTTON,Demi-season waterproof pants. membrane 1000 mm. Lining 65% polyester 35% cotton. Waterproof 3000 mm. 
pants,200 P S17,Navy,18m,80-88 cm, $18.0 , $22.5 ,5,Demi-season,unisex,NANO,0-15,65 % POLYESTER,35% COTTON,Demi-season waterproof pants. membrane 1000 mm. Lining 65% polyester 35% cotton. Waterproof 3000 mm. 
pants,200 P S17,Navy,24m,86-92 cm, $18.0 , $22.5 ,5,Demi-season,unisex,NANO,0-15,65 % POLYESTER,35% COTTON,Demi-season waterproof pants. membrane 1000 mm. Lining 65% polyester 35% cotton. Waterproof 3000 mm. 
pants,200 P S17,Navy,2,89-95 cm, $23.0 , $28.0 ,7,Demi-season,unisex,NANO,0-15,65 % POLYESTER,35% COTTON,Demi-season waterproof pants. membrane 1000 mm. Lining 65% polyester 35% cotton. Waterproof 3000 mm. 
pants,200 P S17,Navy,3,93-100 cm, $23.0 , $28.0 ,7,Demi-season,unisex,NANO,0-15,65 % POLYESTER,35% COTTON,Demi-season waterproof pants. membrane 1000 mm. Lining 65% polyester 35% cotton. Waterproof 3000 mm. 
pants,200 P S17,Navy,3X,96-104 cm, $23.0 , $28.0 ,7,Demi-season,unisex,NANO,0-15,65 % POLYESTER,35% COTTON,Demi-season waterproof pants. membrane 1000 mm. Lining 65% polyester 35% cotton. Waterproof 3000 mm. 
pants,200 P S17,Navy,4,100-110 cm, $23.0 , $28.0 ,7,Demi-season,unisex,NANO,0-15,65 % POLYESTER,35% COTTON,Demi-season waterproof pants. membrane 1000 mm. Lining 65% polyester 35% cotton. Waterproof 3000 mm. 
pants,200 P S17,Navy,5,106-116 cm, $23.0 , $28.0 ,7,Demi-season,unisex,NANO,0-15,65 % POLYESTER,35% COTTON,Demi-season waterproof pants. membrane 1000 mm. Lining 65% polyester 35% cotton. Waterproof 3000 mm. 
pants,200 P S17,Navy,6,112-122 cm, $23.0 , $28.0 ,7,Demi-season,unisex,NANO,0-15,65 % POLYESTER,35% COTTON,Demi-season waterproof pants. membrane 1000 mm. Lining 65% polyester 35% cotton. Waterproof 3000 mm. 
pants,200 P S17,Navy,6X,116-126 cm, $23.0 , $28.0 ,7,Demi-season,unisex,NANO,0-15,65 % POLYESTER,35% COTTON,Demi-season waterproof pants. membrane 1000 mm. Lining 65% polyester 35% cotton. Waterproof 3000 mm. 
pants,200 P S17,Navy,7,120-130 cm, $23.0 , $28.0 ,7,Demi-season,unisex,NANO,0-15,65 % POLYESTER,35% COTTON,Demi-season waterproof pants. membrane 1000 mm. Lining 65% polyester 35% cotton. Waterproof 3000 mm. 
pants,200 P S17,Navy,8,126-136 cm, $23.0 , $28.0 ,7,Demi-season,unisex,NANO,0-15,65 % POLYESTER,35% COTTON,Demi-season waterproof pants. membrane 1000 mm. Lining 65% polyester 35% cotton. Waterproof 3000 mm. 
