Demi-season set,257 m S17,Deep Grey,3X,96-104 cm, $59.0 , $74.0 ,1,Demi-season,Boy,NANO,5-15,65 % POLYESTER,35% COTTON,Demi-season 3 piece set. Jacket + Pants( lining JERSEY 65% polyester 35% cotton)+Hat. Waterproof 3000 mm. 
Demi-season set,257 m S17,Deep Grey,4,100-110 cm, $59.0 , $74.0 ,6,Demi-season,Boy,NANO,5-15,65 % POLYESTER,35% COTTON,Demi-season 3 piece set. Jacket + Pants( lining JERSEY 65% polyester 35% cotton)+Hat. Waterproof 3000 mm. 
Demi-season set,257 m S17,Deep Grey,5,106-116 cm, $59.0 , $74.0 ,6,Demi-season,Boy,NANO,5-15,65 % POLYESTER,35% COTTON,Demi-season 3 piece set. Jacket + Pants( lining JERSEY 65% polyester 35% cotton)+Hat. Waterproof 3000 mm. 
Demi-season set,257 m S17,Deep Grey,6,112-122 cm, $59.0 , $74.0 ,5,Demi-season,Boy,NANO,5-15,65 % POLYESTER,35% COTTON,Demi-season 3 piece set. Jacket + Pants( lining JERSEY 65% polyester 35% cotton)+Hat. Waterproof 3000 mm. 
Demi-season set,257 m S17,Deep Grey,6X,116-126 cm, $59.0 , $74.0 ,7,Demi-season,Boy,NANO,5-15,65 % POLYESTER,35% COTTON,Demi-season 3 piece set. Jacket + Pants( lining JERSEY 65% polyester 35% cotton)+Hat. Waterproof 3000 mm. 
Demi-season set,257 m S17,Deep Grey,7,120-130 cm, $59.0 , $74.0 ,5,Demi-season,Boy,NANO,5-15,65 % POLYESTER,35% COTTON,Demi-season 3 piece set. Jacket + Pants( lining JERSEY 65% polyester 35% cotton)+Hat. Waterproof 3000 mm. 
Demi-season set,257 m S17,Deep Grey,8,126-136 cm, $59.0 , $74.0 ,7,Demi-season,Boy,NANO,5-15,65 % POLYESTER,35% COTTON,Demi-season 3 piece set. Jacket + Pants( lining JERSEY 65% polyester 35% cotton)+Hat. Waterproof 3000 mm. 
Demi-season set,257 m S17,Deep Grey,10,132-142 cm, $59.0 , $74.0 ,4,Demi-season,Boy,NANO,5-15,65 % POLYESTER,35% COTTON,Demi-season 3 piece set. Jacket + Pants( lining JERSEY 65% polyester 35% cotton)+Hat. Waterproof 3000 mm. 
Demi-season set,271 m S17,Chili / Deep Grey,12m,74-80 cm, $50.0 , $63.0 ,3,Demi-season,Boy,NANO,5-15,65 % POLYESTER,35% COTTON,Demi-season 3 piece set. Jacket + Pants( lining JERSEY 65% polyester 35% cotton)+Hat. Waterproof 3000 mm. 
Demi-season set,271 m S17,Chili / Deep Grey,18m,80-88 cm, $50.0 , $63.0 ,4,Demi-season,Boy,NANO,5-15,65 % POLYESTER,35% COTTON,Demi-season 3 piece set. Jacket + Pants( lining JERSEY 65% polyester 35% cotton)+Hat. Waterproof 3000 mm. 
Demi-season set,271 m S17,Chili / Deep Grey,24m,86-92 cm, $50.0 , $63.0 ,4,Demi-season,Boy,NANO,5-15,65 % POLYESTER,35% COTTON,Demi-season 3 piece set. Jacket + Pants( lining JERSEY 65% polyester 35% cotton)+Hat. Waterproof 3000 mm. 
Demi-season set,271 m S17,Chili / Deep Grey,2,89-95 cm, $59.0 , $74.0 ,4,Demi-season,Boy,NANO,5-15,65 % POLYESTER,35% COTTON,Demi-season 3 piece set. Jacket + Pants( lining JERSEY 65% polyester 35% cotton)+Hat. Waterproof 3000 mm. 
Demi-season set,271 m S17,Chili / Deep Grey,3,93-100 cm, $59.0 , $74.0 ,4,Demi-season,Boy,NANO,5-15,65 % POLYESTER,35% COTTON,Demi-season 3 piece set. Jacket + Pants( lining JERSEY 65% polyester 35% cotton)+Hat. Waterproof 3000 mm. 
Demi-season set,271 m S17,Chili / Deep Grey,3X,96-104 cm, $59.0 , $74.0 ,4,Demi-season,Boy,NANO,5-15,65 % POLYESTER,35% COTTON,Demi-season 3 piece set. Jacket + Pants( lining JERSEY 65% polyester 35% cotton)+Hat. Waterproof 3000 mm. 
Demi-season set,271 m S17,Chili / Deep Grey,4,100-110 cm, $59.0 , $74.0 ,2,Demi-season,Boy,NANO,5-15,65 % POLYESTER,35% COTTON,Demi-season 3 piece set. Jacket + Pants( lining JERSEY 65% polyester 35% cotton)+Hat. Waterproof 3000 mm. 
Demi-season set,271 m S17,Chili / Deep Grey,5,106-116 cm, $59.0 , $74.0 ,4,Demi-season,Boy,NANO,5-15,65 % POLYESTER,35% COTTON,Demi-season 3 piece set. Jacket + Pants( lining JERSEY 65% polyester 35% cotton)+Hat. Waterproof 3000 mm. 
Demi-season set,271 m S17,Chili / Deep Grey,6,112-122 cm, $59.0 , $74.0 ,3,Demi-season,Boy,NANO,5-15,65 % POLYESTER,35% COTTON,Demi-season 3 piece set. Jacket + Pants( lining JERSEY 65% polyester 35% cotton)+Hat. Waterproof 3000 mm. 
Demi-season set,271 m S17,Chili / Deep Grey,6X,116-126 cm, $59.0 , $74.0 ,5,Demi-season,Boy,NANO,5-15,65 % POLYESTER,35% COTTON,Demi-season 3 piece set. Jacket + Pants( lining JERSEY 65% polyester 35% cotton)+Hat. Waterproof 3000 mm. 
Demi-season set,271 m S17,Chili / Deep Grey,7,120-130 cm, $59.0 , $74.0 ,4,Demi-season,Boy,NANO,5-15,65 % POLYESTER,35% COTTON,Demi-season 3 piece set. Jacket + Pants( lining JERSEY 65% polyester 35% cotton)+Hat. Waterproof 3000 mm. 
Demi-season set,271 m S17,Chili / Deep Grey,8,126-136 cm, $59.0 , $74.0 ,4,Demi-season,Boy,NANO,5-15,65 % POLYESTER,35% COTTON,Demi-season 3 piece set. Jacket + Pants( lining JERSEY 65% polyester 35% cotton)+Hat. Waterproof 3000 mm. 
Demi-season set,271 m S17,Chili / Deep Grey,10,132-142 cm, $59.0 , $74.0 ,3,Demi-season,Boy,NANO,5-15,65 % POLYESTER,35% COTTON,Demi-season 3 piece set. Jacket + Pants( lining JERSEY 65% polyester 35% cotton)+Hat. Waterproof 3000 mm. 
Demi-season set,283 m S17,Textured Classical,18m,80-88 cm, $50.0 , $63.0 ,2,Demi-season,Boy,NANO,5-15,65 % POLYESTER,35% COTTON,Demi-season 3 piece set. Jacket + Pants( lining JERSEY 65% polyester 35% cotton)+Hat. Waterproof 3000 mm. 
Demi-season set,283 m S17,Textured Classical,24m,86-92 cm, $50.0 , $63.0 ,2,Demi-season,Boy,NANO,5-15,65 % POLYESTER,35% COTTON,Demi-season 3 piece set. Jacket + Pants( lining JERSEY 65% polyester 35% cotton)+Hat. Waterproof 3000 mm. 
Demi-season set,283 m S17,Textured Classical,2,89-95 cm, $59.0 , $74.0 ,2,Demi-season,Boy,NANO,5-15,65 % POLYESTER,35% COTTON,Demi-season 3 piece set. Jacket + Pants( lining JERSEY 65% polyester 35% cotton)+Hat. Waterproof 3000 mm. 
Demi-season set,283 m S17,Textured Classical,3,93-100 cm, $59.0 , $74.0 ,2,Demi-season,Boy,NANO,5-15,65 % POLYESTER,35% COTTON,Demi-season 3 piece set. Jacket + Pants( lining JERSEY 65% polyester 35% cotton)+Hat. Waterproof 3000 mm. 
Demi-season set,283 m S17,Textured Classical,3X,96-104 cm, $59.0 , $74.0 ,5,Demi-season,Boy,NANO,5-15,65 % POLYESTER,35% COTTON,Demi-season 3 piece set. Jacket + Pants( lining JERSEY 65% polyester 35% cotton)+Hat. Waterproof 3000 mm. 
Demi-season set,283 m S17,Textured Classical,4,100-110 cm, $59.0 , $74.0 ,5,Demi-season,Boy,NANO,5-15,65 % POLYESTER,35% COTTON,Demi-season 3 piece set. Jacket + Pants( lining JERSEY 65% polyester 35% cotton)+Hat. Waterproof 3000 mm. 
Demi-season set,283 m S17,Textured Classical,5,106-116 cm, $59.0 , $74.0 ,5,Demi-season,Boy,NANO,5-15,65 % POLYESTER,35% COTTON,Demi-season 3 piece set. Jacket + Pants( lining JERSEY 65% polyester 35% cotton)+Hat. Waterproof 3000 mm. 
Demi-season set,283 m S17,Textured Classical,6,112-122 cm, $59.0 , $74.0 ,7,Demi-season,Boy,NANO,5-15,65 % POLYESTER,35% COTTON,Demi-season 3 piece set. Jacket + Pants( lining JERSEY 65% polyester 35% cotton)+Hat. Waterproof 3000 mm. 
Demi-season set,283 m S17,Textured Classical,6X,116-126 cm, $59.0 , $74.0 ,7,Demi-season,Boy,NANO,5-15,65 % POLYESTER,35% COTTON,Demi-season 3 piece set. Jacket + Pants( lining JERSEY 65% polyester 35% cotton)+Hat. Waterproof 3000 mm. 
Demi-season set,283 m S17,Textured Classical,7,120-130 cm, $59.0 , $74.0 ,7,Demi-season,Boy,NANO,5-15,65 % POLYESTER,35% COTTON,Demi-season 3 piece set. Jacket + Pants( lining JERSEY 65% polyester 35% cotton)+Hat. Waterproof 3000 mm. 
Demi-season set,283 m S17,Textured Classical,8,126-136 cm, $59.0 , $74.0 ,6,Demi-season,Boy,NANO,5-15,65 % POLYESTER,35% COTTON,Demi-season 3 piece set. Jacket + Pants( lining JERSEY 65% polyester 35% cotton)+Hat. Waterproof 3000 mm. 
Demi-season set,283 m S17,Textured Classical,10,132-142 cm, $59.0 , $74.0 ,4,Demi-season,Boy,NANO,5-15,65 % POLYESTER,35% COTTON,Demi-season 3 piece set. Jacket + Pants( lining JERSEY 65% polyester 35% cotton)+Hat. Waterproof 3000 mm. 
Demi-season set,285 m S17,Navy,2,89-95 cm, $59.0 , $74.0 ,5,Demi-season,Boy,NANO,5-15,65 % POLYESTER,35% COTTON,Demi-season 3 piece set. Jacket + Pants( lining JERSEY 65% polyester 35% cotton)+Hat. Waterproof 3000 mm. 
Demi-season set,285 m S17,Navy,3,93-100 cm, $59.0 , $74.0 ,3,Demi-season,Boy,NANO,5-15,65 % POLYESTER,35% COTTON,Demi-season 3 piece set. Jacket + Pants( lining JERSEY 65% polyester 35% cotton)+Hat. Waterproof 3000 mm. 
Demi-season set,285 m S17,Navy,4,100-110 cm, $59.0 , $74.0 ,2,Demi-season,Boy,NANO,5-15,65 % POLYESTER,35% COTTON,Demi-season 3 piece set. Jacket + Pants( lining JERSEY 65% polyester 35% cotton)+Hat. Waterproof 3000 mm. 
Demi-season set,285 m S17,Navy,5,106-116 cm, $59.0 , $74.0 ,4,Demi-season,Boy,NANO,5-15,65 % POLYESTER,35% COTTON,Demi-season 3 piece set. Jacket + Pants( lining JERSEY 65% polyester 35% cotton)+Hat. Waterproof 3000 mm. 
Demi-season set,285 m S17,Navy,6,112-122 cm, $59.0 , $74.0 ,5,Demi-season,Boy,NANO,5-15,65 % POLYESTER,35% COTTON,Demi-season 3 piece set. Jacket + Pants( lining JERSEY 65% polyester 35% cotton)+Hat. Waterproof 3000 mm. 
Demi-season set,285 m S17,Navy,6X,116-126 cm, $59.0 , $74.0 ,5,Demi-season,Boy,NANO,5-15,65 % POLYESTER,35% COTTON,Demi-season 3 piece set. Jacket + Pants( lining JERSEY 65% polyester 35% cotton)+Hat. Waterproof 3000 mm. 
Demi-season set,285 m S17,Navy,7,120-130 cm, $59.0 , $74.0 ,5,Demi-season,Boy,NANO,5-15,65 % POLYESTER,35% COTTON,Demi-season 3 piece set. Jacket + Pants( lining JERSEY 65% polyester 35% cotton)+Hat. Waterproof 3000 mm. 
Demi-season set,285 m S17,Navy,8,126-136 cm, $59.0 , $74.0 ,5,Demi-season,Boy,NANO,5-15,65 % POLYESTER,35% COTTON,Demi-season 3 piece set. Jacket + Pants( lining JERSEY 65% polyester 35% cotton)+Hat. Waterproof 3000 mm. 
Demi-season set,285 m S17,Navy,10,132-142 cm, $59.0 , $74.0 ,3,Demi-season,Boy,NANO,5-15,65 % POLYESTER,35% COTTON,Demi-season 3 piece set. Jacket + Pants( lining JERSEY 65% polyester 35% cotton)+Hat. Waterproof 3000 mm. 
Demi-season set,651 m F14,Navy,12m,74-80 cm, $49.0 , $61.5 ,1,Demi-season,Boy,NANO,0-15,65 % POLYESTER,35% COTTON,Demi-season 3 piece set. Jacket + Pants( lining JERSEY 65% polyester 35% cotton)+Hat. Waterproof 3000 mm. 
Demi-season set,651 m F14,Navy,18m,80-88 cm, $49.0 , $61.5 ,3,Demi-season,Boy,NANO,0-15,65 % POLYESTER,35% COTTON,Demi-season 3 piece set. Jacket + Pants( lining JERSEY 65% polyester 35% cotton)+Hat. Waterproof 3000 mm. 
Demi-season set,651 m F14,Navy,24m,86-92 cm, $49.0 , $61.5 ,1,Demi-season,Boy,NANO,0-15,65 % POLYESTER,35% COTTON,Demi-season 3 piece set. Jacket + Pants( lining JERSEY 65% polyester 35% cotton)+Hat. Waterproof 3000 mm. 
Demi-season set,651 m F14,Navy,2,89-95 cm, $56.0 , $70.0 ,4,Demi-season,Boy,NANO,0-15,65 % POLYESTER,35% COTTON,Demi-season 3 piece set. Jacket + Pants( lining JERSEY 65% polyester 35% cotton)+Hat. Waterproof 3000 mm. 
Demi-season set,651 m F14,Navy,3X,96-104 cm, $56.0 , $70.0 ,1,Demi-season,Boy,NANO,0-15,65 % POLYESTER,35% COTTON,Demi-season 3 piece set. Jacket + Pants( lining JERSEY 65% polyester 35% cotton)+Hat. Waterproof 3000 mm. 
Demi-season set,11 M S17 ,Frost Grey,9m,74-80 cm, $42.00 , $52.50 ,3,Demi-season,Boy, Peluche&tartine ,0-15,65 % POLYESTER,35% COTTON,Demi-season 2 piece set. Jacket on fleece + Pants( lining JERSEY 65% polyester 35% cotton. Waterproof 1000 mm.
Demi-season set,11 M S17 ,Frost Grey,12m,80-86 cm, $42.00 , $52.50 ,1,Demi-season,Boy, Peluche&tartine ,0-15,65 % POLYESTER,35% COTTON,Demi-season 2 piece set. Jacket on fleece + Pants( lining JERSEY 65% polyester 35% cotton. Waterproof 1000 mm.
Demi-season set,11 M S17 ,Frost Grey,18m,86-92 cm, $42.00 , $52.50 ,4,Demi-season,Boy, Peluche&tartine ,0-15,65 % POLYESTER,35% COTTON,Demi-season 2 piece set. Jacket on fleece + Pants( lining JERSEY 65% polyester 35% cotton. Waterproof 1000 mm.
Demi-season set,11 M S17 ,Frost Grey,24m,90-96 cm, $42.00 , $52.50 ,4,Demi-season,Boy, Peluche&tartine ,0-15,65 % POLYESTER,35% COTTON,Demi-season 2 piece set. Jacket on fleece + Pants( lining JERSEY 65% polyester 35% cotton. Waterproof 1000 mm.
Demi-season set,11 M S17 ,Frost Grey,2,94-100 cm, $42.00 , $52.50 ,4,Demi-season,Boy, Peluche&tartine ,0-15,65 % POLYESTER,35% COTTON,Demi-season 2 piece set. Jacket on fleece + Pants( lining JERSEY 65% polyester 35% cotton. Waterproof 1000 mm.
Demi-season set,11 M S17 ,Frost Grey,3,100-106 cm, $42.00 , $52.50 ,10,Demi-season,Boy, Peluche&tartine ,0-15,65 % POLYESTER,35% COTTON,Demi-season 2 piece set. Jacket on fleece + Pants( lining JERSEY 65% polyester 35% cotton. Waterproof 1000 mm.
Demi-season set,11 M S17 ,Heaven,6m,68-74 cm, $42.00 , $52.50 ,2,Demi-season,Boy, Peluche&tartine ,0-15,65 % POLYESTER,35% COTTON,Demi-season 2 piece set. Jacket on fleece + Pants( lining JERSEY 65% polyester 35% cotton. Waterproof 1000 mm.
Demi-season set,11 M S17 ,Heaven,9m,74-80 cm, $42.00 , $52.50 ,1,Demi-season,Boy, Peluche&tartine ,0-15,65 % POLYESTER,35% COTTON,Demi-season 2 piece set. Jacket on fleece + Pants( lining JERSEY 65% polyester 35% cotton. Waterproof 1000 mm.
Demi-season set,11 M S17 ,Heaven,18m,86-92 cm, $42.00 , $52.50 ,2,Demi-season,Boy, Peluche&tartine ,0-15,65 % POLYESTER,35% COTTON,Demi-season 2 piece set. Jacket on fleece + Pants( lining JERSEY 65% polyester 35% cotton. Waterproof 1000 mm.
Demi-season set,11 M S17 ,Heaven,24m,90-96 cm, $42.00 , $52.50 ,0,Demi-season,Boy, Peluche&tartine ,0-15,65 % POLYESTER,35% COTTON,Demi-season 2 piece set. Jacket on fleece + Pants( lining JERSEY 65% polyester 35% cotton. Waterproof 1000 mm.
Demi-season set,11 M S17 ,Heaven,2,94-100 cm, $42.00 , $52.50 ,2,Demi-season,Boy, Peluche&tartine ,0-15,65 % POLYESTER,35% COTTON,Demi-season 2 piece set. Jacket on fleece + Pants( lining JERSEY 65% polyester 35% cotton. Waterproof 1000 mm.
Demi-season set,53 M S17 ,Sunset,6,116-122 cm, $52.00 , $65.00 ,5,Demi-season,Boy, Peluche&tartine ,0-15,65 % POLYESTER,35% COTTON,Demi-season 2 piece set. Jacket on fleece + Pants( lining JERSEY 65% polyester 35% cotton. Waterproof 1000 mm.
Demi-season set,65 M S17 ,Dk Denim,6,116-122 cm, $52.00 , $65.00 ,6,Demi-season,Boy, Peluche&tartine ,0-15,65 % POLYESTER,35% COTTON,Demi-season 2 piece set. Jacket on fleece + Pants( lining JERSEY 65% polyester 35% cotton. Waterproof 1000 mm.
Demi-season set,65 M S17 ,Chili,3,96-104 cm, $52.00 , $65.00 ,3,Demi-season,Boy, Peluche&tartine ,0-15,65 % POLYESTER,35% COTTON,Demi-season 2 piece set. Jacket on fleece + Pants( lining JERSEY 65% polyester 35% cotton. Waterproof 1000 mm.
Demi-season set,65 M S17 ,Chili,5,110-116 cm, $52.00 , $65.00 ,2,Demi-season,Boy, Peluche&tartine ,0-15,65 % POLYESTER,35% COTTON,Demi-season 2 piece set. Jacket on fleece + Pants( lining JERSEY 65% polyester 35% cotton. Waterproof 1000 mm.
Demi-season set,65 M S17 ,Chili,6,116-122 cm, $52.00 , $65.00 ,2,Demi-season,Boy, Peluche&tartine ,0-15,65 % POLYESTER,35% COTTON,Demi-season 2 piece set. Jacket on fleece + Pants( lining JERSEY 65% polyester 35% cotton. Waterproof 1000 mm.
Demi-season set,65 M S17 ,Chili,7,122-128 cm, $52.00 , $65.00 ,9,Demi-season,Boy, Peluche&tartine ,0-15,65 % POLYESTER,35% COTTON,Demi-season 2 piece set. Jacket on fleece + Pants( lining JERSEY 65% polyester 35% cotton. Waterproof 1000 mm.
