TERMO,600 UWP F16,Gray mix,2,89cm,$20.0 ,$24.0 ,10,Unisex,NANO,FLEECE,Fleece thermal underwear
TERMO,600 UWP F16,Gray mix,3,97cm,$20.0 ,$24.0 ,11,Unisex,NANO,FLEECE,Fleece thermal underwear
TERMO,600 UWP F16,Gray mix,5,112cm,$20.0 ,$24.0 ,8,Unisex,NANO,FLEECE,Fleece thermal underwear
TERMO,600 UWP F16,Gray mix,6,119cm,$20.0 ,$24.0 ,5,Unisex,NANO,FLEECE,Fleece thermal underwear
TERMO,600 UWP F16,Gray mix,7,127cm,$20.0 ,$24.0 ,7,Unisex,NANO,FLEECE,Fleece thermal underwear
TERMO,600 UWP F16,Gray mix,10,140 cm,$20.0 ,$24.0 ,3,Unisex,NANO,FLEECE,Fleece thermal underwear
TERMO,600 UWP F16,Gray mix,12,146 cm,$20.0 ,$24.0 ,1,Unisex,NANO,FLEECE,Fleece thermal underwear
TERMO,601 BUWP F16,Pale Navy,2,89cm,$24.0 ,$29.0 ,6,Boy,NANO,FLEECE,Fleece thermal underwear
TERMO,601 BUWP F16,Pale Navy,3,97cm,$24.0 ,$29.0 ,5,Boy,NANO,FLEECE,Fleece thermal underwear
TERMO,601 BUWP F16,Pale Navy,4,104cm,$24.0 ,$29.0 ,2,Boy,NANO,FLEECE,Fleece thermal underwear
TERMO,601 BUWP F16,Pale Navy,5,112cm,$24.0 ,$29.0 ,3,Boy,NANO,FLEECE,Fleece thermal underwear
TERMO,601 BUWP F16,Pale Navy,6,119cm,$24.0 ,$29.0 ,2,Boy,NANO,FLEECE,Fleece thermal underwear
TERMO,601 BUWP F16,Pale Navy,7,127cm,$24.0 ,$29.0 ,1,Boy,NANO,FLEECE,Fleece thermal underwear
TERMO,601 BUWP F16,Pale Navy,8,134 cm,$24.0 ,$29.0 ,1,Boy,NANO,FLEECE,Fleece thermal underwear
TERMO,601 BUWP F16,Pale Navy,10,140 cm,$24.0 ,$29.0 ,2,Boy,NANO,FLEECE,Fleece thermal underwear
