set,267 m F14,Deep Grey,6,112-118 cm, $85 , $110 ,4,winter,Boy, NANO ,,,Winter set 2 pieces. Jacket + bib pants
set,267 m F14,Deep Grey,6X,116-124 cm, $85 , $110 ,6,winter,Boy, NANO ,,,Winter set 2 pieces. Jacket + bib pants
set,255 m F14,Blue,2,89-95 cm, $85 , $110 ,3,winter,Boy, NANO ,,,Winter set 2 pieces. Jacket + bib pants
set,255 m F14,Blue,3,93-100 cm, $85 , $110 ,2,winter,Boy, NANO ,,,Winter set 2 pieces. Jacket + bib pants
set,255 m F14,Blue,3X,96-105 cm, $85 , $110 ,6,winter,Boy, NANO ,,,Winter set 2 pieces. Jacket + bib pants
set,255 m F14,Blue,4,100-110 cm, $85 , $110 ,9,winter,Boy, NANO ,,,Winter set 2 pieces. Jacket + bib pants
set,255 m F14,Blue,6,112-118 cm, $85 , $110 ,8,winter,Boy, NANO ,,,Winter set 2 pieces. Jacket + bib pants
set,255 m F14,Blue,6X,116-124 cm, $85 , $110 ,7,winter,Boy, NANO ,,,Winter set 2 pieces. Jacket + bib pants
set,261 m F14,Navy,4,100-110 cm, $85 , $110 ,1,winter,Boy, NANO ,,,Winter set 2 pieces. Jacket + bib pants
set,251 m F16,Really Red / Deep Gray,12m,75cm, $87.0 , $104.0 ,3,winter,Boy,NANO,-30-+5,POLIFILL,"Winter diaphragm thermoset. Polifill 270gr, lining fleece mICROPOLAR. Booties and mittens in size   12-24m."
set,251 m F16,Really Red / Deep Gray,18m,82cm, $87.0 , $104.0 ,2,winter,Boy,NANO,-30-+5,POLIFILL,"Winter diaphragm thermoset. Polifill 270gr, lining fleece mICROPOLAR. Booties and mittens in size   12-24m."
set,251 m F16,Really Red / Deep Gray,24m,85cm, $87.0 , $104.0 ,2,winter,Boy,NANO,-30-+5,POLIFILL,"Winter diaphragm thermoset. Polifill 270gr, lining fleece mICROPOLAR. Booties and mittens in size   12-24m."
set,251 m F16,Really Red / Deep Gray,2,89cm, $97.0 , $120.0 ,2,winter,Boy,NANO,-30-+5,POLIFILL,"Winter diaphragm thermoset. Polifill 270gr, lining fleece mICROPOLAR. Booties and mittens in size   12-24m."
set,251 m F16,Really Red / Deep Gray,3,97cm, $97.0 , $120.0 ,3,winter,Boy,NANO,-30-+5,POLIFILL,"Winter diaphragm thermoset. Polifill 270gr, lining fleece mICROPOLAR. Booties and mittens in size   12-24m."
set,251 m F16,Really Red / Deep Gray,4,104cm, $97.0 , $120.0 ,3,winter,Boy,NANO,-30-+5,POLIFILL,"Winter diaphragm thermoset. Polifill 270gr, lining fleece mICROPOLAR. Booties and mittens in size   12-24m."
set,251 m F16,Really Red / Deep Gray,5,112cm, $97.0 , $120.0 ,2,winter,Boy,NANO,-30-+5,POLIFILL,"Winter diaphragm thermoset. Polifill 270gr, lining fleece mICROPOLAR. Booties and mittens in size   12-24m."
set,251 m F16,Navy / Cognac Taupe,2,89cm, $97.0 , $120.0 ,3,winter,Boy,NANO,-30-+5,POLIFILL,"Winter diaphragm thermoset. Polifill 270gr, lining fleece mICROPOLAR. Booties and mittens in size   12-24m."
set,251 m F16,Navy / Cognac Taupe,3,97cm, $97.0 , $120.0 ,3,winter,Boy,NANO,-30-+5,POLIFILL,"Winter diaphragm thermoset. Polifill 270gr, lining fleece mICROPOLAR. Booties and mittens in size   12-24m."
set,251 m F16,Navy / Cognac Taupe,3X,100cm, $97.0 , $120.0 ,2,winter,Boy,NANO,-30-+5,POLIFILL,"Winter diaphragm thermoset. Polifill 270gr, lining fleece mICROPOLAR. Booties and mittens in size   12-24m."
set,251 m F16,Navy / Cognac Taupe,4,104cm, $97.0 , $120.0 ,2,winter,Boy,NANO,-30-+5,POLIFILL,"Winter diaphragm thermoset. Polifill 270gr, lining fleece mICROPOLAR. Booties and mittens in size   12-24m."
set,251 m F16,Navy / Cognac Taupe,5,112cm, $97.0 , $120.0 ,5,winter,Boy,NANO,-30-+5,POLIFILL,"Winter diaphragm thermoset. Polifill 270gr, lining fleece mICROPOLAR. Booties and mittens in size   12-24m."
set,251 m F16,Navy / Cognac Taupe,6,119cm, $97.0 , $120.0 ,4,winter,Boy,NANO,-30-+5,POLIFILL,"Winter diaphragm thermoset. Polifill 270gr, lining fleece mICROPOLAR. Booties and mittens in size   12-24m."
set,251 m F16,Navy / Cognac Taupe,6X,124cm, $97.0 , $120.0 ,5,winter,Boy,NANO,-30-+5,POLIFILL,"Winter diaphragm thermoset. Polifill 270gr, lining fleece mICROPOLAR. Booties and mittens in size   12-24m."
set,251 m F16,Navy / Cognac Taupe,7,127cm, $97.0 , $120.0 ,2,winter,Boy,NANO,-30-+5,POLIFILL,"Winter diaphragm thermoset. Polifill 270gr, lining fleece mICROPOLAR. Booties and mittens in size   12-24m."
set,251 m F16,Navy / Cognac Taupe,8,134 cm, $97.0 , $120.0 ,4,winter,Boy,NANO,-30-+5,POLIFILL,"Winter diaphragm thermoset. Polifill 270gr, lining fleece mICROPOLAR. Booties and mittens in size   12-24m."
set,251 m F16,Navy / Cognac Taupe,10,140 cm, $97.0 , $120.0 ,1,winter,Boy,NANO,-30-+5,POLIFILL,"Winter diaphragm thermoset. Polifill 270gr, lining fleece mICROPOLAR. Booties and mittens in size   12-24m."
set,267 m F16,Lake / Navy,18m,82cm, $87.0 , $104.0 ,1,winter,Boy,NANO,-30-+5,POLIFILL,"Winter diaphragm thermoset. Polifill 270gr, lining fleece mICROPOLAR. Booties and mittens in size   12-24m."
set,269 m F16,Navy / Navy,2,89cm, $97.0 , $120.0 ,4,winter,Boy,NANO,-30-+5,POLIFILL,"Winter diaphragm thermoset. Polifill 270gr, lining fleece mICROPOLAR. Booties and mittens in size   12-24m."
set,269 m F16,Navy / Navy,3,97cm, $97.0 , $120.0 ,6,winter,Boy,NANO,-30-+5,POLIFILL,"Winter diaphragm thermoset. Polifill 270gr, lining fleece mICROPOLAR. Booties and mittens in size   12-24m."
set,269 m F16,Navy / Navy,3X,100cm, $97.0 , $120.0 ,4,winter,Boy,NANO,-30-+5,POLIFILL,"Winter diaphragm thermoset. Polifill 270gr, lining fleece mICROPOLAR. Booties and mittens in size   12-24m."
set,269 m F16,Navy / Navy,4,104cm, $97.0 , $120.0 ,4,winter,Boy,NANO,-30-+5,POLIFILL,"Winter diaphragm thermoset. Polifill 270gr, lining fleece mICROPOLAR. Booties and mittens in size   12-24m."
set,269 m F16,Navy / Navy,5,112cm, $97.0 , $120.0 ,2,winter,Boy,NANO,-30-+5,POLIFILL,"Winter diaphragm thermoset. Polifill 270gr, lining fleece mICROPOLAR. Booties and mittens in size   12-24m."
set,269 m F16,Navy / Navy,6,119cm, $97.0 , $120.0 ,6,winter,Boy,NANO,-30-+5,POLIFILL,"Winter diaphragm thermoset. Polifill 270gr, lining fleece mICROPOLAR. Booties and mittens in size   12-24m."
set,269 m F16,Navy / Navy,6X,124cm, $97.0 , $120.0 ,5,winter,Boy,NANO,-30-+5,POLIFILL,"Winter diaphragm thermoset. Polifill 270gr, lining fleece mICROPOLAR. Booties and mittens in size   12-24m."
set,269 m F16,Navy / Navy,7,127cm, $97.0 , $120.0 ,5,winter,Boy,NANO,-30-+5,POLIFILL,"Winter diaphragm thermoset. Polifill 270gr, lining fleece mICROPOLAR. Booties and mittens in size   12-24m."
set,269 m F16,Navy / Navy,8,134 cm, $97.0 , $120.0 ,3,winter,Boy,NANO,-30-+5,POLIFILL,"Winter diaphragm thermoset. Polifill 270gr, lining fleece mICROPOLAR. Booties and mittens in size   12-24m."
set,271 m F16,Dk Gray / Black,4,104cm, $97.0 , $120.0 ,1,winter,Boy,NANO,-30-+5,POLIFILL,"Winter diaphragm thermoset. Polifill 270gr, lining fleece mICROPOLAR. Booties and mittens in size   12-24m."
set,271 m F16,Dk Gray / Black,5,112cm, $97.0 , $120.0 ,3,winter,Boy,NANO,-30-+5,POLIFILL,"Winter diaphragm thermoset. Polifill 270gr, lining fleece mICROPOLAR. Booties and mittens in size   12-24m."
set,271 m F16,Dk Gray / Black,6,119cm, $97.0 , $120.0 ,2,winter,Boy,NANO,-30-+5,POLIFILL,"Winter diaphragm thermoset. Polifill 270gr, lining fleece mICROPOLAR. Booties and mittens in size   12-24m."
set,271 m F16,Dk Gray / Black,7,127cm, $97.0 , $120.0 ,1,winter,Boy,NANO,-30-+5,POLIFILL,"Winter diaphragm thermoset. Polifill 270gr, lining fleece mICROPOLAR. Booties and mittens in size   12-24m."
set,271 m F16,Dk Gray / Black,8,134 cm, $97.0 , $120.0 ,2,winter,Boy,NANO,-30-+5,POLIFILL,"Winter diaphragm thermoset. Polifill 270gr, lining fleece mICROPOLAR. Booties and mittens in size   12-24m."
set,03 BG m F16,Pale Navy,12m,82cm, $68.0 , $84.0 ,2,winter,Boy,Peluche&tartine,,,Winter set 2 piece Jacket + bib pants
set,03 BG m F16,Pale Navy,18m,85cm, $68.0 , $84.0 ,2,winter,Boy,Peluche&tartine,,,Winter set 2 piece Jacket + bib pants
set,03 BG m F16,Pale Navy,24m,89cm, $68.0 , $84.0 ,3,winter,Boy,Peluche&tartine,,,Winter set 2 piece Jacket + bib pants
set,03 BG m F16,Pale Navy,2,97cm, $68.0 , $84.0 ,3,winter,Boy,Peluche&tartine,,,Winter set 2 piece Jacket + bib pants
set,03 BG m F16,Pale Navy,3,100cm, $68.0 , $84.0 ,3,winter,Boy,Peluche&tartine,,,Winter set 2 piece Jacket + bib pants
set,03 BG m F16,Burn Orange,18m,85cm, $68.0 , $84.0 ,3,winter,Boy,Peluche&tartine,,,Winter set 2 piece Jacket + bib pants
set,03 BG m F16,Burn Orange,24m,89cm, $68.0 , $84.0 ,1,Winter,Boy,Peluche&tartine,,,Winter set 2 piece Jacket + bib pants
set,03 BG m F16,Burn Orange,2,97cm, $68.0 , $84.0 ,4,Winter,Boy,Peluche&tartine,,,Winter set 2 piece Jacket + bib pants
set,03 BG m F16,Burn Orange,3,100cm, $68.0 , $84.0 ,2,Winter,Boy,Peluche&tartine,,,Winter set 2 piece Jacket + bib pants
set,11 BG m F16,Navy,12m,82cm, $68.0 , $84.0 ,4,Winter,Boy,Peluche&tartine,,,Winter set 2 piece Jacket + bib pants
set,11 BG m F16,Navy,18m,85cm, $68.0 , $84.0 ,2,Winter,Boy,Peluche&tartine,,,Winter set 2 piece Jacket + bib pants
set,11 BG m F16,Navy,24m,89cm, $68.0 , $84.0 ,1,Winter,Boy,Peluche&tartine,,,Winter set 2 piece Jacket + bib pants
set,11 BG m F16,Navy,3,100cm, $68.0 , $84.0 ,1,Winter,Boy,Peluche&tartine,,,Winter set 2 piece Jacket + bib pants
set,11 BG m F16,Deep Gray,12m,82cm, $68.0 , $84.0 ,4,Winter,Boy,Peluche&tartine,,,Winter set 2 piece Jacket + bib pants
set,11 BG m F16,Deep Gray,18m,85cm, $68.0 , $84.0 ,3,Winter,Boy,Peluche&tartine,,,Winter set 2 piece Jacket + bib pants
set,11 BG m F16,Deep Gray,24m,89cm, $68.0 , $84.0 ,3,Winter,Boy,Peluche&tartine,,,Winter set 2 piece Jacket + bib pants
set,11 BG m F16,Deep Gray,2,97cm, $68.0 , $84.0 ,2,Winter,Boy,Peluche&tartine,,,Winter set 2 piece Jacket + bib pants
set,11 BG m F16,Deep Gray,3,100cm, $68.0 , $84.0 ,2,Winter,Boy,Peluche&tartine,,,Winter set 2 piece Jacket + bib pants
set,23 BG m F16,Chili,12m,82cm, $68.0 , $84.0 ,5,Winter,Boy,Peluche&tartine,,,Winter set 2 piece Jacket + bib pants
set,23 BG m F16,Chili,18m,85cm, $68.0 , $84.0 ,5,Winter,Boy,Peluche&tartine,,,Winter set 2 piece Jacket + bib pants
set,23 BG m F16,Chili,24m,89cm, $68.0 , $84.0 ,1,Winter,Boy,Peluche&tartine,,,Winter set 2 piece Jacket + bib pants
set,23 BG m F16,Fjord,12m,82cm, $68.0 , $84.0 ,5,Winter,Boy,Peluche&tartine,,,Winter set 2 piece Jacket + bib pants
set,23 BG m F16,Fjord,18m,85cm, $68.0 , $84.0 ,5,Winter,Boy,Peluche&tartine,,,Winter set 2 piece Jacket + bib pants
set,23 BG m F16,Fjord,24m,89cm, $68.0 , $84.0 ,5,Winter,Boy,Peluche&tartine,,,Winter set 2 piece Jacket + bib pants
set,23 BG m F16,Fjord,2,97cm, $68.0 , $84.0 ,6,Winter,Boy,Peluche&tartine,,,Winter set 2 piece Jacket + bib pants
set,23 BG m F16,Fjord,3,100cm, $68.0 , $84.0 ,5,Winter,Boy,Peluche&tartine,,,Winter set 2 piece Jacket + bib pants
set,63 EG m F16,Kimono,4,104 cm, $70.0 , $88.0 ,3,Winter,Boy,Peluche&tartine,,,Winter set 2 piece Jacket + bib pants
set,63 EG m F16,Kimono,5,112 cm, $70.0 , $88.0 ,5,Winter,Boy,Peluche&tartine,,,Winter set 2 piece Jacket + bib pants
set,63 EG m F16,Kimono,6,119 cm, $70.0 , $88.0 ,5,Winter,Boy,Peluche&tartine,,,Winter set 2 piece Jacket + bib pants
set,63 EG m F16,Kimono,7,127 cm, $70.0 , $88.0 ,1,Winter,Boy,Peluche&tartine,,,Winter set 2 piece Jacket + bib pants
set,67 EG m F16,Frost Gray,4,104 cm, $70.0 , $88.0 ,3,Winter,Boy,Peluche&tartine,,,Winter set 2 piece Jacket + bib pants
set,67 EG m F16,Frost Gray,6,119 cm, $70.0 , $88.0 ,2,Winter,Boy,Peluche&tartine,,,Winter set 2 piece Jacket + bib pants
set,75 EG m F16,Navy,3,98cm, $70.0 , $88.0 ,1,Winter,Boy,Peluche&tartine,,,Winter set 2 piece Jacket + bib pants
set,75 EG m F16,Navy,4,104 cm, $70.0 , $88.0 ,1,Winter,Boy,Peluche&tartine,,,Winter set 2 piece Jacket + bib pants
set,75 EG m F16,Black,6,119 cm, $70.0 , $88.0 ,2,Winter,Boy,Peluche&tartine,,,Winter set 2 piece Jacket + bib pants
set,79 EG m F16,Smoke,4,104 cm, $70.0 , $88.0 ,3,Winter,Boy,Peluche&tartine,,,Winter set 2 piece Jacket + bib pants
set,79 EG m F16,Smoke,6,119 cm, $70.0 , $88.0 ,6,Winter,Boy,Peluche&tartine,,,Winter set 2 piece Jacket + bib pants
set,79 EG m F16,Smoke,8,135 cm, $70.0 , $88.0 ,1,Winter,Boy,Peluche&tartine,,,Winter set 2 piece Jacket + bib pants
set,79 EG m F16,Imperial Blue,4,104 cm, $70.0 , $88.0 ,4,Winter,Boy,Peluche&tartine,,,Winter set 2 piece Jacket + bib pants
set,79 EG m F16,Imperial Blue,5,112 cm, $70.0 , $88.0 ,4,Winter,Boy,Peluche&tartine,,,Winter set 2 piece Jacket + bib pants
set,79 EG m F16,Imperial Blue,6,119 cm, $70.0 , $88.0 ,4,Winter,Boy,Peluche&tartine,,,Winter set 2 piece Jacket + bib pants
set,79 EG m F16,Imperial Blue,7,127 cm, $70.0 , $88.0 ,5,Winter,Boy,Peluche&tartine,,,Winter set 2 piece Jacket + bib pants
