set,254 m S17,Scarlet / Navy,18m,80-88 cm, $50.0 , $63.0 ,5,Demi-season,Girl,NANO,5-15,65 % POLYESTER 35% COTTON,35% COTTON,Demi-season 3 piece set. Jacket + Pants( lining JERSEY 65% polyester 35% cotton)+Hat. Waterproof 3000 mm. 
set,254 m S17,Scarlet / Navy,24m,86-92 cm, $50.0 , $63.0 ,3,Demi-season,Girl,NANO,5-15,65 % POLYESTER,35% COTTON,Demi-season 3 piece set. Jacket + Pants( lining JERSEY 65% polyester 35% cotton)+Hat. Waterproof 3000 mm. 
set,254 m S17,Scarlet / Navy,2,89-95 cm, $59.0 , $74.0 ,5,Demi-season,Girl,NANO,5-15,65 % POLYESTER,35% COTTON,Demi-season 3 piece set. Jacket + Pants( lining JERSEY 65% polyester 35% cotton)+Hat. Waterproof 3000 mm. 
set,254 m S17,Scarlet / Navy,3,93-100 cm, $59.0 , $74.0 ,5,Demi-season,Girl,NANO,5-15,65 % POLYESTER,35% COTTON,Demi-season 3 piece set. Jacket + Pants( lining JERSEY 65% polyester 35% cotton)+Hat. Waterproof 3000 mm. 
set,254 m S17,Scarlet / Navy,3X,96-104 cm, $59.0 , $74.0 ,5,Demi-season,Girl,NANO,5-15,65 % POLYESTER,35% COTTON,Demi-season 3 piece set. Jacket + Pants( lining JERSEY 65% polyester 35% cotton)+Hat. Waterproof 3000 mm. 
set,254 m S17,Scarlet / Navy,4,100-110 cm, $59.0 , $74.0 ,7,Demi-season,Girl,NANO,5-15,65 % POLYESTER,35% COTTON,Demi-season 3 piece set. Jacket + Pants( lining JERSEY 65% polyester 35% cotton)+Hat. Waterproof 3000 mm. 
set,254 m S17,Scarlet / Navy,5,106-116 cm, $59.0 , $74.0 ,5,Demi-season,Girl,NANO,5-15,65 % POLYESTER,35% COTTON,Demi-season 3 piece set. Jacket + Pants( lining JERSEY 65% polyester 35% cotton)+Hat. Waterproof 3000 mm. 
set,254 m S17,Scarlet / Navy,6,112-122 cm, $59.0 , $74.0 ,7,Demi-season,Girl,NANO,5-15,65 % POLYESTER,35% COTTON,Demi-season 3 piece set. Jacket + Pants( lining JERSEY 65% polyester 35% cotton)+Hat. Waterproof 3000 mm. 
set,254 m S17,Scarlet / Navy,6X,116-126 cm, $59.0 , $74.0 ,5,Demi-season,Girl,NANO,5-15,65 % POLYESTER,35% COTTON,Demi-season 3 piece set. Jacket + Pants( lining JERSEY 65% polyester 35% cotton)+Hat. Waterproof 3000 mm. 
set,254 m S17,Scarlet / Navy,7,120-130 cm, $59.0 , $74.0 ,5,Demi-season,Girl,NANO,5-15,65 % POLYESTER,35% COTTON,Demi-season 3 piece set. Jacket + Pants( lining JERSEY 65% polyester 35% cotton)+Hat. Waterproof 3000 mm. 
set,254 m S17,Scarlet / Navy,8,126-136 cm, $59.0 , $74.0 ,2,Demi-season,Girl,NANO,5-15,65 % POLYESTER,35% COTTON,Demi-season 3 piece set. Jacket + Pants( lining JERSEY 65% polyester 35% cotton)+Hat. Waterproof 3000 mm. 
set,254 m S17,Scarlet / Navy,10,132-142 cm, $59.0 , $74.0 ,3,Demi-season,Girl,NANO,5-15,65 % POLYESTER,35% COTTON,Demi-season 3 piece set. Jacket + Pants( lining JERSEY 65% polyester 35% cotton)+Hat. Waterproof 3000 mm. 
set,256 m S17,Flower / Dk Navy,12m,74-80 cm, $50.0 , $63.0 ,6,Demi-season,Girl,NANO,5-15,65 % POLYESTER,35% COTTON,Demi-season 3 piece set. Jacket + Pants( lining JERSEY 65% polyester 35% cotton)+Hat. Waterproof 3000 mm. 
set,256 m S17,Flower / Dk Navy,18m,80-88 cm, $50.0 , $63.0 ,5,Demi-season,Girl,NANO,5-15,65 % POLYESTER,35% COTTON,Demi-season 3 piece set. Jacket + Pants( lining JERSEY 65% polyester 35% cotton)+Hat. Waterproof 3000 mm. 
set,256 m S17,Flower / Dk Navy,24m,86-92 cm, $50.0 , $63.0 ,7,Demi-season,Girl,NANO,5-15,65 % POLYESTER,35% COTTON,Demi-season 3 piece set. Jacket + Pants( lining JERSEY 65% polyester 35% cotton)+Hat. Waterproof 3000 mm. 
set,256 m S17,Flower / Dk Navy,2,89-95 cm, $59.0 , $74.0 ,12,Demi-season,Girl,NANO,5-15,65 % POLYESTER,35% COTTON,Demi-season 3 piece set. Jacket + Pants( lining JERSEY 65% polyester 35% cotton)+Hat. Waterproof 3000 mm. 
set,256 m S17,Flower / Dk Navy,3,93-100 cm, $59.0 , $74.0 ,12,Demi-season,Girl,NANO,5-15,65 % POLYESTER,35% COTTON,Demi-season 3 piece set. Jacket + Pants( lining JERSEY 65% polyester 35% cotton)+Hat. Waterproof 3000 mm. 
set,256 m S17,Flower / Dk Navy,3X,96-104 cm, $59.0 , $74.0 ,12,Demi-season,Girl,NANO,5-15,65 % POLYESTER,35% COTTON,Demi-season 3 piece set. Jacket + Pants( lining JERSEY 65% polyester 35% cotton)+Hat. Waterproof 3000 mm. 
set,256 m S17,Flower / Dk Navy,4,100-110 cm, $59.0 , $74.0 ,4,Demi-season,Girl,NANO,5-15,65 % POLYESTER,35% COTTON,Demi-season 3 piece set. Jacket + Pants( lining JERSEY 65% polyester 35% cotton)+Hat. Waterproof 3000 mm. 
set,256 m S17,Flower / Dk Navy,5,106-116 cm, $59.0 , $74.0 ,6,Demi-season,Girl,NANO,5-15,65 % POLYESTER,35% COTTON,Demi-season 3 piece set. Jacket + Pants( lining JERSEY 65% polyester 35% cotton)+Hat. Waterproof 3000 mm. 
set,256 m S17,Flower / Dk Navy,6,112-122 cm, $59.0 , $74.0 ,7,Demi-season,Girl,NANO,5-15,65 % POLYESTER,35% COTTON,Demi-season 3 piece set. Jacket + Pants( lining JERSEY 65% polyester 35% cotton)+Hat. Waterproof 3000 mm. 
set,256 m S17,Flower / Dk Navy,6X,116-126 cm, $59.0 , $74.0 ,1,Demi-season,Girl,NANO,5-15,65 % POLYESTER,35% COTTON,Demi-season 3 piece set. Jacket + Pants( lining JERSEY 65% polyester 35% cotton)+Hat. Waterproof 3000 mm. 
set,256 m S17,Flower / Dk Navy,7,120-130 cm, $59.0 , $74.0 ,6,Demi-season,Girl,NANO,5-15,65 % POLYESTER,35% COTTON,Demi-season 3 piece set. Jacket + Pants( lining JERSEY 65% polyester 35% cotton)+Hat. Waterproof 3000 mm. 
set,256 m S17,Flower / Dk Navy,8,126-136 cm, $59.0 , $74.0 ,0,Demi-season,Girl,NANO,5-15,65 % POLYESTER,35% COTTON,Demi-season 3 piece set. Jacket + Pants( lining JERSEY 65% polyester 35% cotton)+Hat. Waterproof 3000 mm. 
set,256 m S17,Flower / Dk Navy,10,132-142 cm, $59.0 , $74.0 ,0,Demi-season,Girl,NANO,5-15,65 % POLYESTER,35% COTTON,Demi-season 3 piece set. Jacket + Pants( lining JERSEY 65% polyester 35% cotton)+Hat. Waterproof 3000 mm. 
set,262 m S17,Black / Scarlet,12m,74-80 cm, $50.0 , $63.0 ,2,Demi-season,Girl,NANO,5-15,65 % POLYESTER,35% COTTON,Demi-season 3 piece set. Jacket + Pants( lining JERSEY 65% polyester 35% cotton)+Hat. Waterproof 3000 mm. 
set,262 m S17,Black / Scarlet,18m,80-88 cm, $50.0 , $63.0 ,3,Demi-season,Girl,NANO,5-15,65 % POLYESTER,35% COTTON,Demi-season 3 piece set. Jacket + Pants( lining JERSEY 65% polyester 35% cotton)+Hat. Waterproof 3000 mm. 
set,262 m S17,Black / Scarlet,24m,86-92 cm, $50.0 , $63.0 ,3,Demi-season,Girl,NANO,5-15,65 % POLYESTER,35% COTTON,Demi-season 3 piece set. Jacket + Pants( lining JERSEY 65% polyester 35% cotton)+Hat. Waterproof 3000 mm. 
set,262 m S17,Black / Scarlet,2,89-95 cm, $59.0 , $74.0 ,3,Demi-season,Girl,NANO,5-15,65 % POLYESTER,35% COTTON,Demi-season 3 piece set. Jacket + Pants( lining JERSEY 65% polyester 35% cotton)+Hat. Waterproof 3000 mm. 
set,262 m S17,Black / Scarlet,3,93-100 cm, $59.0 , $74.0 ,3,Demi-season,Girl,NANO,5-15,65 % POLYESTER,35% COTTON,Demi-season 3 piece set. Jacket + Pants( lining JERSEY 65% polyester 35% cotton)+Hat. Waterproof 3000 mm. 
set,262 m S17,Black / Scarlet,3X,96-104 cm, $59.0 , $74.0 ,3,Demi-season,Girl,NANO,5-15,65 % POLYESTER,35% COTTON,Demi-season 3 piece set. Jacket + Pants( lining JERSEY 65% polyester 35% cotton)+Hat. Waterproof 3000 mm. 
set,262 m S17,Black / Scarlet,4,100-110 cm, $59.0 , $74.0 ,4,Demi-season,Girl,NANO,5-15,65 % POLYESTER,35% COTTON,Demi-season 3 piece set. Jacket + Pants( lining JERSEY 65% polyester 35% cotton)+Hat. Waterproof 3000 mm. 
set,262 m S17,Black / Scarlet,5,106-116 cm, $59.0 , $74.0 ,4,Demi-season,Girl,NANO,5-15,65 % POLYESTER,35% COTTON,Demi-season 3 piece set. Jacket + Pants( lining JERSEY 65% polyester 35% cotton)+Hat. Waterproof 3000 mm. 
set,262 m S17,Black / Scarlet,6,112-122 cm, $59.0 , $74.0 ,4,Demi-season,Girl,NANO,5-15,65 % POLYESTER,35% COTTON,Demi-season 3 piece set. Jacket + Pants( lining JERSEY 65% polyester 35% cotton)+Hat. Waterproof 3000 mm. 
set,262 m S17,Black / Scarlet,6X,116-126 cm, $59.0 , $74.0 ,4,Demi-season,Girl,NANO,5-15,65 % POLYESTER,35% COTTON,Demi-season 3 piece set. Jacket + Pants( lining JERSEY 65% polyester 35% cotton)+Hat. Waterproof 3000 mm. 
set,262 m S17,Black / Scarlet,7,120-130 cm, $59.0 , $74.0 ,4,Demi-season,Girl,NANO,5-15,65 % POLYESTER,35% COTTON,Demi-season 3 piece set. Jacket + Pants( lining JERSEY 65% polyester 35% cotton)+Hat. Waterproof 3000 mm. 
set,262 m S17,Black / Scarlet,8,126-136 cm, $59.0 , $74.0 ,3,Demi-season,Girl,NANO,5-15,65 % POLYESTER,35% COTTON,Demi-season 3 piece set. Jacket + Pants( lining JERSEY 65% polyester 35% cotton)+Hat. Waterproof 3000 mm. 
set,262 m S17,Black / Scarlet,10,132-142 cm, $59.0 , $74.0 ,2,Demi-season,Girl,NANO,5-15,65 % POLYESTER,35% COTTON,Demi-season 3 piece set. Jacket + Pants( lining JERSEY 65% polyester 35% cotton)+Hat. Waterproof 3000 mm. 
set,268 m S17,Lavander / Dk Navy,12m,74-80 cm, $50.0 , $63.0 ,3,Demi-season,Girl,NANO,5-15,65 % POLYESTER,35% COTTON,Demi-season 3 piece set. Jacket + Pants( lining JERSEY 65% polyester 35% cotton)+Hat. Waterproof 3000 mm. 
set,268 m S17,Lavander / Dk Navy,18m,80-88 cm, $50.0 , $63.0 ,5,Demi-season,Girl,NANO,5-15,65 % POLYESTER,35% COTTON,Demi-season 3 piece set. Jacket + Pants( lining JERSEY 65% polyester 35% cotton)+Hat. Waterproof 3000 mm. 
set,268 m S17,Lavander / Dk Navy,24m,86-92 cm, $50.0 , $63.0 ,1,Demi-season,Girl,NANO,5-15,65 % POLYESTER,35% COTTON,Demi-season 3 piece set. Jacket + Pants( lining JERSEY 65% polyester 35% cotton)+Hat. Waterproof 3000 mm. 
set,268 m S17,Lavander / Dk Navy,2,89-95 cm, $59.0 , $74.0 ,5,Demi-season,Girl,NANO,5-15,65 % POLYESTER,35% COTTON,Demi-season 3 piece set. Jacket + Pants( lining JERSEY 65% polyester 35% cotton)+Hat. Waterproof 3000 mm. 
set,268 m S17,Lavander / Dk Navy,3,93-100 cm, $59.0 , $74.0 ,7,Demi-season,Girl,NANO,5-15,65 % POLYESTER,35% COTTON,Demi-season 3 piece set. Jacket + Pants( lining JERSEY 65% polyester 35% cotton)+Hat. Waterproof 3000 mm. 
set,268 m S17,Lavander / Dk Navy,3X,96-104 cm, $59.0 , $74.0 ,7,Demi-season,Girl,NANO,5-15,65 % POLYESTER,35% COTTON,Demi-season 3 piece set. Jacket + Pants( lining JERSEY 65% polyester 35% cotton)+Hat. Waterproof 3000 mm. 
set,268 m S17,Lavander / Dk Navy,4,100-110 cm, $59.0 , $74.0 ,7,Demi-season,Girl,NANO,5-15,65 % POLYESTER,35% COTTON,Demi-season 3 piece set. Jacket + Pants( lining JERSEY 65% polyester 35% cotton)+Hat. Waterproof 3000 mm. 
set,268 m S17,Lavander / Dk Navy,5,106-116 cm, $59.0 , $74.0 ,6,Demi-season,Girl,NANO,5-15,65 % POLYESTER,35% COTTON,Demi-season 3 piece set. Jacket + Pants( lining JERSEY 65% polyester 35% cotton)+Hat. Waterproof 3000 mm. 
set,268 m S17,Lavander / Dk Navy,6,112-122 cm, $59.0 , $74.0 ,7,Demi-season,Girl,NANO,5-15,65 % POLYESTER,35% COTTON,Demi-season 3 piece set. Jacket + Pants( lining JERSEY 65% polyester 35% cotton)+Hat. Waterproof 3000 mm. 
set,268 m S17,Lavander / Dk Navy,6X,116-126 cm, $59.0 , $74.0 ,7,Demi-season,Girl,NANO,5-15,65 % POLYESTER,35% COTTON,Demi-season 3 piece set. Jacket + Pants( lining JERSEY 65% polyester 35% cotton)+Hat. Waterproof 3000 mm. 
set,268 m S17,Lavander / Dk Navy,7,120-130 cm, $59.0 , $74.0 ,6,Demi-season,Girl,NANO,5-15,65 % POLYESTER,35% COTTON,Demi-season 3 piece set. Jacket + Pants( lining JERSEY 65% polyester 35% cotton)+Hat. Waterproof 3000 mm. 
set,268 m S17,Lavander / Dk Navy,8,126-136 cm, $59.0 , $74.0 ,5,Demi-season,Girl,NANO,5-15,65 % POLYESTER,35% COTTON,Demi-season 3 piece set. Jacket + Pants( lining JERSEY 65% polyester 35% cotton)+Hat. Waterproof 3000 mm. 
set,268 m S17,Lavander / Dk Navy,10,132-142 cm, $59.0 , $74.0 ,3,Demi-season,Girl,NANO,5-15,65 % POLYESTER,35% COTTON,Demi-season 3 piece set. Jacket + Pants( lining JERSEY 65% polyester 35% cotton)+Hat. Waterproof 3000 mm. 
set,272 m S17,Black / Flower,12m,74-80 cm, $50.0 , $63.0 ,12,Demi-season,Girl,NANO,5-15,65 % POLYESTER,35% COTTON,Demi-season 3 piece set. Jacket + Pants( lining JERSEY 65% polyester 35% cotton)+Hat. Waterproof 3000 mm. 
set,272 m S17,Black / Flower,18m,80-88 cm, $50.0 , $63.0 ,16,Demi-season,Girl,NANO,5-15,65 % POLYESTER,35% COTTON,Demi-season 3 piece set. Jacket + Pants( lining JERSEY 65% polyester 35% cotton)+Hat. Waterproof 3000 mm. 
set,272 m S17,Black / Flower,24m,86-92 cm, $50.0 , $63.0 ,17,Demi-season,Girl,NANO,5-15,65 % POLYESTER,35% COTTON,Demi-season 3 piece set. Jacket + Pants( lining JERSEY 65% polyester 35% cotton)+Hat. Waterproof 3000 mm. 
set,272 m S17,Black / Flower,2,89-95 cm, $59.0 , $74.0 ,7,Demi-season,Girl,NANO,5-15,65 % POLYESTER,35% COTTON,Demi-season 3 piece set. Jacket + Pants( lining JERSEY 65% polyester 35% cotton)+Hat. Waterproof 3000 mm. 
set,272 m S17,Black / Flower,3,93-100 cm, $59.0 , $74.0 ,8,Demi-season,Girl,NANO,5-15,65 % POLYESTER,35% COTTON,Demi-season 3 piece set. Jacket + Pants( lining JERSEY 65% polyester 35% cotton)+Hat. Waterproof 3000 mm. 
set,272 m S17,Black / Flower,3X,96-104 cm, $59.0 , $74.0 ,4,Demi-season,Girl,NANO,5-15,65 % POLYESTER,35% COTTON,Demi-season 3 piece set. Jacket + Pants( lining JERSEY 65% polyester 35% cotton)+Hat. Waterproof 3000 mm. 
set,272 m S17,Black / Flower,4,100-110 cm, $59.0 , $74.0 ,12,Demi-season,Girl,NANO,5-15,65 % POLYESTER,35% COTTON,Demi-season 3 piece set. Jacket + Pants( lining JERSEY 65% polyester 35% cotton)+Hat. Waterproof 3000 mm. 
set,272 m S17,Black / Flower,5,106-116 cm, $59.0 , $74.0 ,12,Demi-season,Girl,NANO,5-15,65 % POLYESTER,35% COTTON,Demi-season 3 piece set. Jacket + Pants( lining JERSEY 65% polyester 35% cotton)+Hat. Waterproof 3000 mm. 
set,272 m S17,Black / Flower,6,112-122 cm, $59.0 , $74.0 ,10,Demi-season,Girl,NANO,5-15,65 % POLYESTER,35% COTTON,Demi-season 3 piece set. Jacket + Pants( lining JERSEY 65% polyester 35% cotton)+Hat. Waterproof 3000 mm. 
set,272 m S17,Black / Flower,6X,116-126 cm, $59.0 , $74.0 ,11,Demi-season,Girl,NANO,5-15,65 % POLYESTER,35% COTTON,Demi-season 3 piece set. Jacket + Pants( lining JERSEY 65% polyester 35% cotton)+Hat. Waterproof 3000 mm. 
set,272 m S17,Black / Flower,7,120-130 cm, $59.0 , $74.0 ,7,Demi-season,Girl,NANO,5-15,65 % POLYESTER,35% COTTON,Demi-season 3 piece set. Jacket + Pants( lining JERSEY 65% polyester 35% cotton)+Hat. Waterproof 3000 mm. 
set,272 m S17,Black / Flower,8,126-136 cm, $59.0 , $74.0 ,5,Demi-season,Girl,NANO,5-15,65 % POLYESTER,35% COTTON,Demi-season 3 piece set. Jacket + Pants( lining JERSEY 65% polyester 35% cotton)+Hat. Waterproof 3000 mm. 
set,272 m S17,Black / Flower,10,132-142 cm, $59.0 , $74.0 ,3,Demi-season,Girl,NANO,5-15,65 % POLYESTER,35% COTTON,Demi-season 3 piece set. Jacket + Pants( lining JERSEY 65% polyester 35% cotton)+Hat. Waterproof 3000 mm. 
set,650 m F14,Virtual Pink,12m,74-80 cm, $49.0 , $61.5 ,3,Demi-season,Girl,NANO,0-15,65 % POLYESTER,35% COTTON,Demi-season 2 piece set. Jacket on fleece + Pants(lining JERSEY 65% polyester 35% cotton) + Hat. Waterproof 3000 mm. 
set,650 m F14,Virtual Pink,18m,80-88 cm, $49.0 , $61.5 ,1,Demi-season,Girl,NANO,0-15,65 % POLYESTER,35% COTTON,Demi-season 2 piece set. Jacket on fleece + Pants(lining JERSEY 65% polyester 35% cotton) + Hat. Waterproof 3000 mm. 
set,650 m F14,Virtual Pink,24m,86-92 cm, $49.0 , $61.5 ,2,Demi-season,Girl,NANO,0-15,65 % POLYESTER,35% COTTON,Demi-season 2 piece set. Jacket on fleece + Pants(lining JERSEY 65% polyester 35% cotton) + Hat. Waterproof 3000 mm. 
set,650 m F14,Virtual Pink,2,89-95 cm, $56.0 , $70.0 ,1,Demi-season,Girl,NANO,0-15,65 % POLYESTER,35% COTTON,Demi-season 2 piece set. Jacket on fleece + Pants(lining JERSEY 65% polyester 35% cotton) + Hat. Waterproof 3000 mm. 
set,650 m F14,Virtual Pink,3,93-100 cm, $56.0 , $70.0 ,1,Demi-season,Girl,NANO,0-15,65 % POLYESTER,35% COTTON,Demi-season 2 piece set. Jacket on fleece + Pants(lining JERSEY 65% polyester 35% cotton) + Hat. Waterproof 3000 mm. 
set,650 m F14,Virtual Pink,5,106-116 cm, $56.0 , $70.0 ,1,Demi-season,Girl,NANO,0-15,65 % POLYESTER,35% COTTON,Demi-season 2 piece set. Jacket on fleece + Pants(lining JERSEY 65% polyester 35% cotton) + Hat. Waterproof 3000 mm. 
set,06 m S17 ,Frost Grey,12m,80-86 cm, $42.00 , $52.50 ,1,Demi-season,Girl, Peluche&tartine ,0-15,65 % POLYESTER,35% COTTON,Demi-season 2 piece set. Jacket on fleece + Pants( lining JERSEY 65% polyester 35% cotton. Waterproof 1000 mm.
set,06 m S17 ,Frost Grey,18m,86-92 cm, $42.00 , $52.50 ,0,Demi-season,Girl, Peluche&tartine ,0-15,65 % POLYESTER,35% COTTON,Demi-season 2 piece set. Jacket on fleece + Pants( lining JERSEY 65% polyester 35% cotton. Waterproof 1000 mm.
set,06 m S17 ,Frost Grey,24m,90-96 cm, $42.00 , $52.50 ,3,Demi-season,Girl, Peluche&tartine ,0-15,65 % POLYESTER,35% COTTON,Demi-season 2 piece set. Jacket on fleece + Pants( lining JERSEY 65% polyester 35% cotton. Waterproof 1000 mm.
set,06 m S17 ,Frost Grey,3,100-106 cm, $42.00 , $52.50 ,2,Demi-season,Girl, Peluche&tartine ,0-15,65 % POLYESTER,35% COTTON,Demi-season 2 piece set. Jacket on fleece + Pants( lining JERSEY 65% polyester 35% cotton. Waterproof 1000 mm.
set,06 m S17 ,Pop Viola,9m,74-80 cm, $40.00 , $50.00 ,1,Demi-season,Girl, Peluche&tartine ,0-15,65 % POLYESTER,35% COTTON,Demi-season 2 piece set. Jacket on fleece + Pants( lining JERSEY 65% polyester 35% cotton. Waterproof 1000 mm.
set,06 m S17 ,Pop Viola,12m,80-86 cm, $40.00 , $50.00 ,3,Demi-season,Girl, Peluche&tartine ,0-15,65 % POLYESTER,35% COTTON,Demi-season 2 piece set. Jacket on fleece + Pants( lining JERSEY 65% polyester 35% cotton. Waterproof 1000 mm.
set,06 m S17 ,Pop Viola,2,94-100 cm, $40.00 , $50.00 ,3,Demi-season,Girl, Peluche&tartine ,0-15,65 % POLYESTER,35% COTTON,Demi-season 2 piece set. Jacket on fleece + Pants( lining JERSEY 65% polyester 35% cotton. Waterproof 1000 mm.
set,68 m S17 ,mauve,5,110-116 cm, $52.00 , $65.00 ,3,Demi-season,Girl, Peluche&tartine ,0-15,65 % POLYESTER,35% COTTON,Demi-season 2 piece set. Jacket on fleece + Pants( lining JERSEY 65% polyester 35% cotton. Waterproof 1000 mm.
set,68 m S17 ,Scarlet,4,104-112 cm, $52.00 , $65.00 ,4,Demi-season,Girl, Peluche&tartine ,0-15,65 % POLYESTER,35% COTTON,Demi-season 2 piece set. Jacket on fleece + Pants( lining JERSEY 65% polyester 35% cotton. Waterproof 1000 mm.
set,72 m S17 ,Virtual Pink,5,110-116 cm, $52.00 , $65.00 ,3,Demi-season,Girl, Peluche&tartine ,0-15,65 % POLYESTER,35% COTTON,Demi-season 2 piece set. Jacket on fleece + Pants( lining JERSEY 65% polyester 35% cotton. Waterproof 1000 mm.
set,72 m S17 ,Virtual Pink,8,128-134 cm, $52.00 , $65.00 ,1,Demi-season,Girl, Peluche&tartine ,0-15,65 % POLYESTER,35% COTTON,Demi-season 2 piece set. Jacket on fleece + Pants( lining JERSEY 65% polyester 35% cotton. Waterproof 1000 mm.
