termo,600 UW F14,Virtual Pink,10,128-136 cm, $17.0 , $23.0 ,1,Girl, NANO , FLEECE ,Fleece thermo underwear
termo,600 UWP F16,Virtula Pinl,2,89cm, $20.0 , $24.0 ,11,Girl,NANO, FLEECE ,Fleece thermal underwear
termo,600 UWP F16,Virtula Pinl,3,97cm, $20.0 , $24.0 ,11,Girl,NANO, FLEECE ,Fleece thermal underwear
termo,600 UWP F16,Virtula Pinl,4,104cm, $20.0 , $24.0 ,10,Girl,NANO, FLEECE ,Fleece thermal underwear
termo,600 UWP F16,Virtula Pinl,5,112cm, $20.0 , $24.0 ,4,Girl,NANO, FLEECE ,Fleece thermal underwear
termo,600 UWP F16,Virtula Pinl,6,119cm, $20.0 , $24.0 ,10,Girl,NANO, FLEECE ,Fleece thermal underwear
termo,600 UWP F16,Virtula Pinl,7,127cm, $20.0 , $24.0 ,12,Girl,NANO, FLEECE ,Fleece thermal underwear
termo,600 UWP F16,Virtula Pinl,8,134 cm, $20.0 , $24.0 ,13,Girl,NANO, FLEECE ,Fleece thermal underwear
termo,600 UWP F16,Virtula Pinl,10,140 cm, $20.0 , $24.0 ,10,Girl,NANO, FLEECE ,Fleece thermal underwear
termo,600 UWP F16,Virtula Pinl,12,146 cm, $20.0 , $24.0 ,6,Girl,NANO, FLEECE ,Fleece thermal underwear
termo,600 UWP F16,Gray mix,2,89cm, $20.0 , $24.0 ,10,Unisex,NANO, FLEECE ,Fleece thermal underwear
termo,600 UWP F16,Gray mix,3,97cm, $20.0 , $24.0 ,11,Unisex,NANO, FLEECE ,Fleece thermal underwear
termo,600 UWP F16,Gray mix,5,112cm, $20.0 , $24.0 ,8,Unisex,NANO, FLEECE ,Fleece thermal underwear
termo,600 UWP F16,Gray mix,6,119cm, $20.0 , $24.0 ,5,Unisex,NANO, FLEECE ,Fleece thermal underwear
termo,600 UWP F16,Gray mix,7,127cm, $20.0 , $24.0 ,7,Unisex,NANO, FLEECE ,Fleece thermal underwear
termo,600 UWP F16,Gray mix,10,140 cm, $20.0 , $24.0 ,3,Unisex,NANO, FLEECE ,Fleece thermal underwear
termo,600 UWP F16,Gray mix,12,146 cm, $20.0 , $24.0 ,1,Unisex,NANO, FLEECE ,Fleece thermal underwear
termo,602 BUWP F16,Deep Gray,2,89cm, $24.0 , $29.0 ,5,Girl,NANO, FLEECE ,Fleece thermal underwear
termo,602 BUWP F16,Deep Gray,3,97cm, $24.0 , $29.0 ,3,Girl,NANO, FLEECE ,Fleece thermal underwear
termo,602 BUWP F16,Deep Gray,4,104cm, $24.0 , $29.0 ,5,Girl,NANO, FLEECE ,Fleece thermal underwear
termo,602 BUWP F16,Deep Gray,5,112cm, $24.0 , $29.0 ,4,Girl,NANO, FLEECE ,Fleece thermal underwear
termo,602 BUWP F16,Deep Gray,6,119cm, $24.0 , $29.0 ,4,Girl,NANO, FLEECE ,Fleece thermal underwear
termo,602 BUWP F16,Deep Gray,7,127cm, $24.0 , $29.0 ,6,Girl,NANO, FLEECE ,Fleece thermal underwear
termo,602 BUWP F16,Deep Gray,8,134 cm, $24.0 , $29.0 ,3,Girl,NANO, FLEECE ,Fleece thermal underwear
termo,602 BUWP F16,Deep Gray,10,140 cm, $24.0 , $29.0 ,2,Girl,NANO, FLEECE ,Fleece thermal underwear
