set,18 BF m F16,Calypso Coral,12m,82cm, $68.0 , $84.0 ,2,Winter,Girl,Peluche&tartine,,,Winter set 2 piece Jacket + bib pants+ booties + mittens
set,18 BF m F16,Calypso Coral,18m,85cm, $68.0 , $84.0 ,4,Winter,Girl,Peluche&tartine,,,Winter set 2 piece Jacket + bib pants+ booties + mittens
set,18 BF m F16,Calypso Coral,24m,89cm, $68.0 , $84.0 ,3,Winter,Girl,Peluche&tartine,,,Winter set 2 piece Jacket + bib pants+ booties + mittens
set,18 BF m F16,Calypso Coral,2,97cm, $68.0 , $84.0 ,2,Winter,Girl,Peluche&tartine,,,Winter set 2 piece Jacket + bib pants+ booties + mittens
set,18 BF m F16,Baton Rouge,12m,82cm, $68.0 , $84.0 ,2,Winter,Girl,Peluche&tartine,,,Winter set 2 piece Jacket + bib pants+ booties + mittens
set,18 BF m F16,Baton Rouge,18m,85cm, $68.0 , $84.0 ,2,Winter,Girl,Peluche&tartine,,,Winter set 2 piece Jacket + bib pants+ booties + mittens
set,18 BF m F16,Baton Rouge,24m,89cm, $68.0 , $84.0 ,4,Winter,Girl,Peluche&tartine,,,Winter set 2 piece Jacket + bib pants+ booties + mittens
set,18 BF m F16,Baton Rouge,3,100cm, $68.0 , $84.0 ,1,Winter,Girl,Peluche&tartine,,,Winter set 2 piece Jacket + bib pants+ booties + mittens
set,32 BF m F16,Paradisio,12m,82cm, $68.0 , $84.0 ,3,Winter,Girl,Peluche&tartine,,,Winter set 2 piece Jacket + bib pants+ booties + mittens
set,32 BF m F16,Paradisio,18m,85cm, $68.0 , $84.0 ,5,Winter,Girl,Peluche&tartine,,,Winter set 2 piece Jacket + bib pants+ booties + mittens
set,32 BF m F16,Paradisio,24m,89cm, $68.0 , $84.0 ,7,Winter,Girl,Peluche&tartine,,,Winter set 2 piece Jacket + bib pants+ booties + mittens
set,32 BF m F16,Paradisio,2,97cm, $68.0 , $84.0 ,4,Winter,Girl,Peluche&tartine,,,Winter set 2 piece Jacket + bib pants+ booties + mittens
set,32 BF m F16,Paradisio,3,100cm, $68.0 , $84.0 ,1,Winter,Girl,Peluche&tartine,,,Winter set 2 piece Jacket + bib pants+ booties + mittens
set,32 BF m F16,Blackberry,12m,82cm, $68.0 , $84.0 ,4,Winter,Girl,Peluche&tartine,,,Winter set 2 piece Jacket + bib pants+ booties + mittens
set,32 BF m F16,Blackberry,18m,85cm, $68.0 , $84.0 ,1,Winter,Girl,Peluche&tartine,,,Winter set 2 piece Jacket + bib pants+ booties + mittens
set,40 BF m F16,Hot Pink,12m,82cm, $68.0 , $84.0 ,1,Winter,Girl,Peluche&tartine,,,Winter set 2 piece Jacket + bib pants+ booties + mittens
set,40 BF m F16,Hot Pink,18m,85cm, $68.0 , $84.0 ,3,Winter,Girl,Peluche&tartine,,,Winter set 2 piece Jacket + bib pants+ booties + mittens
set,40 BF m F16,Hot Pink,24m,89cm, $68.0 , $84.0 ,2,Winter,Girl,Peluche&tartine,,,Winter set 2 piece Jacket + bib pants+ booties + mittens
set,40 BF m F16,Hot Pink,2,97cm, $68.0 , $84.0 ,3,Winter,Girl,Peluche&tartine,,,Winter set 2 piece Jacket + bib pants+ booties + mittens
set,40 BF m F16,Hot Pink,3,100cm, $68.0 , $84.0 ,1,Winter,Girl,Peluche&tartine,,,Winter set 2 piece Jacket + bib pants+ booties + mittens
set,40 BF m F16,Lavander,12m,82cm, $68.0 , $84.0 ,4,Winter,Girl,Peluche&tartine,,,Winter set 2 piece Jacket + bib pants+ booties + mittens
set,40 BF m F16,Lavander,18m,85cm, $68.0 , $84.0 ,5,Winter,Girl,Peluche&tartine,,,Winter set 2 piece Jacket + bib pants+ booties + mittens
set,40 BF m F16,Lavander,24m,89cm, $68.0 , $84.0 ,7,Winter,Girl,Peluche&tartine,,,Winter set 2 piece Jacket + bib pants+ booties + mittens
set,40 BF m F16,Lavander,2,97cm, $68.0 , $84.0 ,3,Winter,Girl,Peluche&tartine,,,Winter set 2 piece Jacket + bib pants+ booties + mittens
set,40 BF m F16,Lavander,3,100cm, $68.0 , $84.0 ,2,Winter,Girl,Peluche&tartine,,,Winter set 2 piece Jacket + bib pants+ booties + mittens
set,50 EF m F16,Paradisio,7,127 cm, $70.0 , $88.0 ,1,Winter,Girl,Peluche&tartine,,,Winter set 2 piece Jacket + bib pants
set,50 EF m F16,Paradisio,8,135 cm, $70.0 , $88.0 ,2,Winter,Girl,Peluche&tartine,,,Winter set 2 piece Jacket + bib pants
set,50 EF m F16,Navy,7,127 cm, $70.0 , $88.0 ,1,Winter,Girl,Peluche&tartine,,,Winter set 2 piece Jacket + bib pants
set,50 EF m F16,Navy,8,135 cm, $70.0 , $88.0 ,2,Winter,Girl,Peluche&tartine,,,Winter set 2 piece Jacket + bib pants
set,52 EF m F16,Deep gray,3,98cm, $70.0 , $88.0 ,3,Winter,Girl,Peluche&tartine,,,Winter set 2 piece Jacket + bib pants
set,52 EF m F16,Deep gray,6,119 cm, $70.0 , $88.0 ,8,Winter,Girl,Peluche&tartine,,,Winter set 2 piece Jacket + bib pants
set,52 EF m F16,Deep gray,7,127 cm, $70.0 , $88.0 ,1,Winter,Girl,Peluche&tartine,,,Winter set 2 piece Jacket + bib pants
set,52 EF m F16,Deep gray,8,135 cm, $70.0 , $88.0 ,2,Winter,Girl,Peluche&tartine,,,Winter set 2 piece Jacket + bib pants
set,52 EF m F16,Paradisio,5,112 cm, $70.0 , $88.0 ,1,Winter,Girl,Peluche&tartine,,,Winter set 2 piece Jacket + bib pants
set,52 EF m F16,Paradisio,6,119 cm, $70.0 , $88.0 ,3,Winter,Girl,Peluche&tartine,,,Winter set 2 piece Jacket + bib pants
set,52 EF m F16,Paradisio,7,127 cm, $70.0 , $88.0 ,1,Winter,Girl,Peluche&tartine,,,Winter set 2 piece Jacket + bib pants
set,54 EF m F16,Paradisio,7,127 cm, $70.0 , $88.0 ,3,Winter,Girl,Peluche&tartine,,,Winter set 2 piece Jacket + bib pants
set,54 EF m F16,Paradisio,8,135 cm, $70.0 , $88.0 ,2,Winter,Girl,Peluche&tartine,,,Winter set 2 piece Jacket + bib pants
set,58 EF m F16,Navy,8,135 cm, $70.0 , $88.0 ,2,Winter,Girl,Peluche&tartine,,,Winter set 2 piece Jacket + bib pants
set,58 EF m F16,Black,6,119 cm, $70.0 , $88.0 ,2,Winter,Girl,Peluche&tartine,,,Winter set 2 piece Jacket + bib pants
set,58 EF m F16,Black,7,127 cm, $70.0 , $88.0 ,2,Winter,Girl,Peluche&tartine,,,Winter set 2 piece Jacket + bib pants
set,58 EF m F16,Black,8,135 cm, $70.0 , $88.0 ,2,Winter,Girl,Peluche&tartine,,,Winter set 2 piece Jacket + bib pants
set,66 EF m F16,DK Raspberry,6,119 cm, $70.0 , $88.0 ,1,Winter,Girl,Peluche&tartine,,,Winter set 2 piece Jacket + bib pants
set,66 EF m F16,DK Raspberry,7,127 cm, $70.0 , $88.0 ,1,Winter,Girl,Peluche&tartine,,,Winter set 2 piece Jacket + bib pants
set,66 EF m F16,DK Raspberry,8,135 cm, $70.0 , $88.0 ,3,Winter,Girl,Peluche&tartine,,,Winter set 2 piece Jacket + bib pants
set,66 EF m F16,Dahlia,7,127 cm, $70.0 , $88.0 ,4,Winter,Girl,Peluche&tartine,,,Winter set 2 piece Jacket + bib pants
set,66 EF m F16,Dahlia,8,135 cm, $70.0 , $88.0 ,4,Winter,Girl,Peluche&tartine,,,Winter set 2 piece Jacket + bib pants
set,256 m F14,Gerbera,24m,85-92 cm, $75 , $100 ,4,winter,Girl, NANO ,,,Winter set 2 pieces. Jacket + bib pants
set,256 m F14,Gerbera,3,93-100 cm, $85 , $110 ,3,winter,Girl, NANO ,,,Winter set 2 pieces. Jacket + bib pants
set,256 m F14,Gerbera,3X,96-105 cm, $85 , $110 ,4,winter,Girl, NANO ,,,Winter set 2 pieces. Jacket + bib pants
set,256 m F14,Gerbera,4,100-110 cm, $85 , $110 ,1,winter,Girl, NANO ,,,Winter set 2 pieces. Jacket + bib pants
set,256 m F14,Gerbera,6,112-118 cm, $85 , $110 ,1,winter,Girl, NANO ,,,Winter set 2 pieces. Jacket + bib pants
set,266 m F14,Virtual Pink,18m,80-88 cm, $75 , $100 ,1,winter,Girl, NANO ,,,Winter set 2 pieces. Jacket + bib pants
set,266 m F14,Virtual Pink,24m,85-92 cm, $75 , $100 ,3,winter,Girl, NANO ,,,Winter set 2 pieces. Jacket + bib pants
set,266 m F14,Virtual Pink,2,89-95 cm, $85 , $110 ,1,winter,Girl, NANO ,,,Winter set 2 pieces. Jacket + bib pants
set,266 m F14,Virtual Pink,3,93-100 cm, $85 , $110 ,1,winter,Girl, NANO ,,,Winter set 2 pieces. Jacket + bib pants
set,266 m F14,Virtual Pink,3X,96-105 cm, $85 , $110 ,4,winter,Girl, NANO ,,,Winter set 2 pieces. Jacket + bib pants
set,266 m F14,Virtual Pink,4,100-110 cm, $85 , $110 ,1,winter,Girl, NANO ,,,Winter set 2 pieces. Jacket + bib pants
set,266 m F14,Virtual Pink,6,112-118 cm, $85 , $110 ,4,winter,Girl, NANO ,,,Winter set 2 pieces. Jacket + bib pants
set,266 m F14,Virtual Pink,6X,116-124 cm, $85 , $110 ,6,winter,Girl, NANO ,,,Winter set 2 pieces. Jacket + bib pants
set,266 m F14,Virtual Pink,7,118-128 cm, $85 , $110 ,3,winter,Girl, NANO ,,,Winter set 2 pieces. Jacket + bib pants
set,266 m F14,Virtual Pink,8,124-132 cm, $85 , $110 ,1,winter,Girl, NANO ,,,Winter set 2 pieces. Jacket + bib pants
set,266 m F14,Virtual Pink,10,128-136 cm, $85 , $110 ,2,winter,Girl, NANO ,,,Winter set 2 pieces. Jacket + bib pants
set,276 m F14,Phlox Pink,2,89-95 cm, $85 , $110 ,1,winter,Girl, NANO ,,,Winter set 2 pieces. Jacket + bib pants
set,276 m F14,Phlox Pink,3X,96-105 cm, $85 , $110 ,1,winter,Girl, NANO ,,,Winter set 2 pieces. Jacket + bib pants
set,276 m F14,Phlox Pink,6,112-118 cm, $85 , $110 ,8,winter,Girl, NANO ,,,Winter set 2 pieces. Jacket + bib pants
set,276 m F14,Phlox Pink,6X,116-124 cm, $85 , $110 ,5,winter,Girl, NANO ,,,Winter set 2 pieces. Jacket + bib pants
set,276 m F14,Phlox Pink,7,118-128 cm, $85 , $110 ,5,winter,Girl, NANO ,,,Winter set 2 pieces. Jacket + bib pants
set,276 m F14,Phlox Pink,8,124-132 cm, $85 , $110 ,7,winter,Girl, NANO ,,,Winter set 2 pieces. Jacket + bib pants
set,276 m F14,Phlox Pink,10,128-136 cm, $85 , $110 ,1,winter,Girl, NANO ,,,Winter set 2 pieces. Jacket + bib pants
set,278 m F14,Very Berry,6,112-118 cm, $85 , $110 ,1,winter,Girl, NANO ,,,Winter set 2 pieces. Jacket + bib pants
set,278 m F14,Very Berry,6X,116-124 cm, $85 , $110 ,3,winter,Girl, NANO ,,,Winter set 2 pieces. Jacket + bib pants
set,278 m F14,Very Berry,7,118-128 cm, $85 , $110 ,2,winter,Girl, NANO ,,,Winter set 2 pieces. Jacket + bib pants
set,278 m F14,Very Berry,8,124-132 cm, $85 , $110 ,4,winter,Girl, NANO ,,,Winter set 2 pieces. Jacket + bib pants
set,278 m F14,Very Berry,10,128-136 cm, $85 , $110 ,3,winter,Girl, NANO ,,,Winter set 2 pieces. Jacket + bib pants
set,284 m F14,Purple,5,105-115 cm, $85 , $110 ,1,winter,Girl, NANO ,,,Winter set 2 pieces. Jacket + bib pants
set,284 m F14,Purple,6,112-118 cm, $85 , $110 ,1,winter,Girl, NANO ,,,Winter set 2 pieces. Jacket + bib pants
set,284 m F14,Purple,6X,116-124 cm, $85 , $110 ,2,winter,Girl, NANO ,,,Winter set 2 pieces. Jacket + bib pants
set,284 m F14,Purple,7,118-128 cm, $85 , $110 ,1,winter,Girl, NANO ,,,Winter set 2 pieces. Jacket + bib pants
set,284 m F14,Purple,8,124-132 cm, $85 , $110 ,3,winter,Girl, NANO ,,,Winter set 2 pieces. Jacket + bib pants
set,290 m F14,Deep Grey,6X,116-124 cm, $85 , $110 ,1,winter,Girl, NANO ,,,Winter set 2 pieces. Jacket + bib pants
set,290 m F14,Deep Grey,8,124-132 cm, $85 , $110 ,1,winter,Girl, NANO ,,,Winter set 2 pieces. Jacket + bib pants
set,250 m F16,Purple,18m,82cm, $87.0 , $104.0 ,3,Winter,Girl,NANO,-30-+5,POLIFILL,"Winter diaphragm thermoset. Polifill 270gr, lining fleece mICROPOLAR. Booties and mittens in size   12-24m."
set,250 m F16,Purple,24m,85cm, $87.0 , $104.0 ,2,Winter,Girl,NANO,-30-+5,POLIFILL,"Winter diaphragm thermoset. Polifill 270gr, lining fleece mICROPOLAR. Booties and mittens in size   12-24m."
set,250 m F16,Purple,3X,100cm, $97.0 , $120.0 ,1,Winter,Girl,NANO,-30-+5,POLIFILL,"Winter diaphragm thermoset. Polifill 270gr, lining fleece mICROPOLAR. Booties and mittens in size   12-24m."
set,250 m F16,Purple,4,104cm, $97.0 , $120.0 ,2,Winter,Girl,NANO,-30-+5,POLIFILL,"Winter diaphragm thermoset. Polifill 270gr, lining fleece mICROPOLAR. Booties and mittens in size   12-24m."
set,250 m F16,Purple,5,112cm, $97.0 , $120.0 ,1,Winter,Girl,NANO,-30-+5,POLIFILL,"Winter diaphragm thermoset. Polifill 270gr, lining fleece mICROPOLAR. Booties and mittens in size   12-24m."
set,250 m F16,Purple,6,119cm, $97.0 , $120.0 ,2,Winter,Girl,NANO,-30-+5,POLIFILL,"Winter diaphragm thermoset. Polifill 270gr, lining fleece mICROPOLAR. Booties and mittens in size   12-24m."
set,250 m F16,Purple,6X,124cm, $97.0 , $120.0 ,2,Winter,Girl,NANO,-30-+5,POLIFILL,"Winter diaphragm thermoset. Polifill 270gr, lining fleece mICROPOLAR. Booties and mittens in size   12-24m."
set,250 m F16,Purple,7,127cm, $97.0 , $120.0 ,2,Winter,Girl,NANO,-30-+5,POLIFILL,"Winter diaphragm thermoset. Polifill 270gr, lining fleece mICROPOLAR. Booties and mittens in size   12-24m."
set,250 m F16,Purple,8,134 cm, $97.0 , $120.0 ,2,Winter,Girl,NANO,-30-+5,POLIFILL,"Winter diaphragm thermoset. Polifill 270gr, lining fleece mICROPOLAR. Booties and mittens in size   12-24m."
set,250 m F16,Purple,10,140 cm, $97.0 , $120.0 ,1,Winter,Girl,NANO,-30-+5,POLIFILL,"Winter diaphragm thermoset. Polifill 270gr, lining fleece mICROPOLAR. Booties and mittens in size   12-24m."
set,266 m F16,Black / Coral Pink,2,89cm, $97.0 , $120.0 ,3,Winter,Girl,NANO,-30-+5,POLIFILL,"Winter diaphragm thermoset. Polifill 270gr, lining fleece mICROPOLAR. Booties and mittens in size   12-24m."
set,266 m F16,Black / Coral Pink,3,97cm, $97.0 , $120.0 ,3,Winter,Girl,NANO,-30-+5,POLIFILL,"Winter diaphragm thermoset. Polifill 270gr, lining fleece mICROPOLAR. Booties and mittens in size   12-24m."
set,266 m F16,Black / Coral Pink,3X,100cm, $97.0 , $120.0 ,2,Winter,Girl,NANO,-30-+5,POLIFILL,"Winter diaphragm thermoset. Polifill 270gr, lining fleece mICROPOLAR. Booties and mittens in size   12-24m."
set,266 m F16,Black / Coral Pink,4,104cm, $97.0 , $120.0 ,2,Winter,Girl,NANO,-30-+5,POLIFILL,"Winter diaphragm thermoset. Polifill 270gr, lining fleece mICROPOLAR. Booties and mittens in size   12-24m."
set,266 m F16,Black / Coral Pink,5,112cm, $97.0 , $120.0 ,1,Winter,Girl,NANO,-30-+5,POLIFILL,"Winter diaphragm thermoset. Polifill 270gr, lining fleece mICROPOLAR. Booties and mittens in size   12-24m."
set,266 m F16,Black / Coral Pink,6,119cm, $97.0 , $120.0 ,4,Winter,Girl,NANO,-30-+5,POLIFILL,"Winter diaphragm thermoset. Polifill 270gr, lining fleece mICROPOLAR. Booties and mittens in size   12-24m."
set,266 m F16,Black / Coral Pink,6X,124cm, $97.0 , $120.0 ,3,Winter,Girl,NANO,-30-+5,POLIFILL,"Winter diaphragm thermoset. Polifill 270gr, lining fleece mICROPOLAR. Booties and mittens in size   12-24m."
set,266 m F16,Black / Coral Pink,7,127cm, $97.0 , $120.0 ,4,Winter,Girl,NANO,-30-+5,POLIFILL,"Winter diaphragm thermoset. Polifill 270gr, lining fleece mICROPOLAR. Booties and mittens in size   12-24m."
set,266 m F16,Black / Coral Pink,8,134 cm, $97.0 , $120.0 ,5,Winter,Girl,NANO,-30-+5,POLIFILL,"Winter diaphragm thermoset. Polifill 270gr, lining fleece mICROPOLAR. Booties and mittens in size   12-24m."
set,266 m F16,Black / Coral Pink,10,140 cm, $97.0 , $120.0 ,2,Winter,Girl,NANO,-30-+5,POLIFILL,"Winter diaphragm thermoset. Polifill 270gr, lining fleece mICROPOLAR. Booties and mittens in size   12-24m."
set,266 m F16,Black / Coral Pink,12,146 cm, $97.0 , $120.0 ,3,Winter,Girl,NANO,-30-+5,POLIFILL,"Winter diaphragm thermoset. Polifill 270gr, lining fleece mICROPOLAR. Booties and mittens in size   12-24m."
set,274 m F16,Dk Gray / Bright Raspberry,2,89cm, $97.0 , $120.0 ,3,Winter,Girl,NANO,-30-+5,POLIFILL,"Winter diaphragm thermoset. Polifill 270gr, lining fleece mICROPOLAR. Booties and mittens in size   12-24m."
set,274 m F16,Dk Gray / Bright Raspberry,3,97cm, $97.0 , $120.0 ,2,Winter,Girl,NANO,-30-+5,POLIFILL,"Winter diaphragm thermoset. Polifill 270gr, lining fleece mICROPOLAR. Booties and mittens in size   12-24m."
set,274 m F16,Dk Gray / Bright Raspberry,3X,100cm, $97.0 , $120.0 ,2,Winter,Girl,NANO,-30-+5,POLIFILL,"Winter diaphragm thermoset. Polifill 270gr, lining fleece mICROPOLAR. Booties and mittens in size   12-24m."
set,274 m F16,Dk Gray / Bright Raspberry,4,104cm, $97.0 , $120.0 ,4,Winter,Girl,NANO,-30-+5,POLIFILL,"Winter diaphragm thermoset. Polifill 270gr, lining fleece mICROPOLAR. Booties and mittens in size   12-24m."
set,274 m F16,Dk Gray / Bright Raspberry,5,112cm, $97.0 , $120.0 ,4,Winter,Girl,NANO,-30-+5,POLIFILL,"Winter diaphragm thermoset. Polifill 270gr, lining fleece mICROPOLAR. Booties and mittens in size   12-24m."
set,274 m F16,Dk Gray / Bright Raspberry,6,119cm, $97.0 , $120.0 ,5,Winter,Girl,NANO,-30-+5,POLIFILL,"Winter diaphragm thermoset. Polifill 270gr, lining fleece mICROPOLAR. Booties and mittens in size   12-24m."
set,274 m F16,Dk Gray / Bright Raspberry,6X,124cm, $97.0 , $120.0 ,4,Winter,Girl,NANO,-30-+5,POLIFILL,"Winter diaphragm thermoset. Polifill 270gr, lining fleece mICROPOLAR. Booties and mittens in size   12-24m."
set,274 m F16,Dk Gray / Bright Raspberry,7,127cm, $97.0 , $120.0 ,3,Winter,Girl,NANO,-30-+5,POLIFILL,"Winter diaphragm thermoset. Polifill 270gr, lining fleece mICROPOLAR. Booties and mittens in size   12-24m."
set,274 m F16,Dk Gray / Bright Raspberry,8,134 cm, $97.0 , $120.0 ,5,Winter,Girl,NANO,-30-+5,POLIFILL,"Winter diaphragm thermoset. Polifill 270gr, lining fleece mICROPOLAR. Booties and mittens in size   12-24m."
set,274 m F16,Dk Gray / Bright Raspberry,10,140 cm, $97.0 , $120.0 ,3,Winter,Girl,NANO,-30-+5,POLIFILL,"Winter diaphragm thermoset. Polifill 270gr, lining fleece mICROPOLAR. Booties and mittens in size   12-24m."
set,274 m F16,Dk Gray / Bright Raspberry,12,146 cm, $97.0 , $120.0 ,1,Winter,Girl,NANO,-30-+5,POLIFILL,"Winter diaphragm thermoset. Polifill 270gr, lining fleece mICROPOLAR. Booties and mittens in size   12-24m."
set,274 m F16,Bright Coraline / Black,3X,100cm, $97.0 , $120.0 ,1,Winter,Girl,NANO,-30-+5,POLIFILL,"Winter diaphragm thermoset. Polifill 270gr, lining fleece mICROPOLAR. Booties and mittens in size   12-24m."
set,274 m F16,Bright Coraline / Black,6X,124cm, $97.0 , $120.0 ,1,Winter,Girl,NANO,-30-+5,POLIFILL,"Winter diaphragm thermoset. Polifill 270gr, lining fleece mICROPOLAR. Booties and mittens in size   12-24m."
set,274 m F16,Bright Coraline / Black,7,127cm, $97.0 , $120.0 ,2,Winter,Girl,NANO,-30-+5,POLIFILL,"Winter diaphragm thermoset. Polifill 270gr, lining fleece mICROPOLAR. Booties and mittens in size   12-24m."
set,274 m F16,Bright Coraline / Black,8,134 cm, $97.0 , $120.0 ,1,Winter,Girl,NANO,-30-+5,POLIFILL,"Winter diaphragm thermoset. Polifill 270gr, lining fleece mICROPOLAR. Booties and mittens in size   12-24m."
set,274 m F16,Bright Coraline / Black,10,140 cm, $97.0 , $120.0 ,2,Winter,Girl,NANO,-30-+5,POLIFILL,"Winter diaphragm thermoset. Polifill 270gr, lining fleece mICROPOLAR. Booties and mittens in size   12-24m."
set,288 m F16,Lipstick / Classic Gray,3X,100cm, $97.0 , $120.0 ,1,Winter,Girl,NANO,-30-+5,POLIFILL,"Winter diaphragm thermoset. Polifill 270gr, lining fleece mICROPOLAR. Booties and mittens in size   12-24m."
set,292 m F16,Black / Zinnias mauve,12m,75cm, $87.0 , $104.0 ,1,Winter,Girl,NANO,-30-+5,POLIFILL,"Winter diaphragm thermoset. Polifill 270gr, lining fleece mICROPOLAR. Booties and mittens in size   12-24m."
set,292 m F16,Black / Zinnias mauve,18m,82cm, $87.0 , $104.0 ,2,Winter,Girl,NANO,-30-+5,POLIFILL,"Winter diaphragm thermoset. Polifill 270gr, lining fleece mICROPOLAR. Booties and mittens in size   12-24m."
set,292 m F16,Black / Zinnias mauve,3,97cm, $97.0 , $120.0 ,1,Winter,Girl,NANO,-30-+5,POLIFILL,"Winter diaphragm thermoset. Polifill 270gr, lining fleece mICROPOLAR. Booties and mittens in size   12-24m."
set,292 m F16,Black / Zinnias mauve,3X,100cm, $97.0 , $120.0 ,1,Winter,Girl,NANO,-30-+5,POLIFILL,"Winter diaphragm thermoset. Polifill 270gr, lining fleece mICROPOLAR. Booties and mittens in size   12-24m."
set,292 m F16,Black / Zinnias mauve,6,119cm, $97.0 , $120.0 ,6,Winter,Girl,NANO,-30-+5,POLIFILL,"Winter diaphragm thermoset. Polifill 270gr, lining fleece mICROPOLAR. Booties and mittens in size   12-24m."
set,292 m F16,Black / Zinnias mauve,6X,124cm, $97.0 , $120.0 ,4,Winter,Girl,NANO,-30-+5,POLIFILL,"Winter diaphragm thermoset. Polifill 270gr, lining fleece mICROPOLAR. Booties and mittens in size   12-24m."
set,292 m F16,Black / Zinnias mauve,7,127cm, $97.0 , $120.0 ,4,Winter,Girl,NANO,-30-+5,POLIFILL,"Winter diaphragm thermoset. Polifill 270gr, lining fleece mICROPOLAR. Booties and mittens in size   12-24m."
set,292 m F16,Black / Zinnias mauve,8,134 cm, $97.0 , $120.0 ,6,Winter,Girl,NANO,-30-+5,POLIFILL,"Winter diaphragm thermoset. Polifill 270gr, lining fleece mICROPOLAR. Booties and mittens in size   12-24m."
